time,1,2,3
1640014079267,0.00316957,-0.00970139,0.0285169,
1640014079287,-0.00167808,-0.015091,0.0285169,
1640014079307,-0.00167808,-0.015091,-0.0183322,
1640014079327,-0.00633934,-0.015091,-0.0183322,
1640014079346,-0.00633934,-0.0163845,0.0387013,
1640014079366,-0.00633934,-0.0163845,0.0387013,
1640014079386,-0.00466126,-0.00258704,0.0387013,
1640014079406,-0.00466126,-0.00258704,-0.00475286,
1640014079427,0.00857678,-0.00258704,-0.00475286,
1640014079447,0.00857678,-0.00474282,0.00950571,
1640014079467,0.00857678,-0.00474282,0.00950571,
1640014079487,-0.00167808,-0.0114259,0.0273852,
1640014079507,-0.00167808,-0.0114259,0.0273852,
1640014079527,0.0082038,-0.017031,0.0273852,
1640014079547,0.0082038,-0.017031,-0.0124479,
1640014079567,-0.0027968,-0.017031,-0.0124479,
1640014079586,-0.0027968,-0.00431157,0.040512,
1640014079606,-0.0027968,-0.00431157,0.040512,
1640014079627,0.000932332,-0.00776111,0.040512,
1640014079646,0.000932332,-0.00776111,-0.0104109,
1640014079667,-0.00167808,-0.00776111,-0.0104109,
1640014079687,-0.00167808,-0.0112104,0.0133531,
1640014079706,-0.00167808,-0.0112104,0.0133531,
1640014079727,-0.00950891,-0.0107792,0.0323643,
1640014079747,-0.00950891,-0.0107792,0.0323643,
1640014079766,0.00354254,-0.00560509,0.0323643,
1640014079787,0.00354254,-0.00560509,-0.0129004,
1640014079807,0.000186386,-0.00560509,-0.0129004,
1640014079826,0.000186386,-0.00215579,0.0359854,
1640014079846,0.000186386,-0.00215579,0.0359854,
1640014079867,0.0027968,-0.015091,0.0359854,
1640014079886,0.0027968,-0.015091,-0.00248967,
1640014079906,0.000932332,-0.015091,-0.00248967,
1640014079926,0.000932332,-0.00625185,-0.00362114,
1640014079946,0.000932332,-0.00625185,-0.00362114,
1640014079966,-0.00391552,-0.00970139,0.0230851,
1640014079986,-0.00391552,-0.00970139,0.0230851,
1640014080007,-0.00149169,-0.0131507,0.0230851,
1640014080027,-0.00149169,-0.0131507,-0.00792126,
1640014080047,0.00354254,-0.0131507,-0.00792126,
1640014080067,0.00354254,-0.00366481,0.0253482,
1640014080087,0.00354254,-0.00366481,0.0253482,
1640014080107,-0.00466126,-0.00689861,0.0253482,
1640014080127,-0.00466126,-0.00689861,-0.0122214,
1640014080147,-0.000745746,-0.00689861,-0.0122214,
1640014080167,-0.000745746,-0.0103479,0.0135793,
1640014080187,-0.000745746,-0.0103479,0.0135793,
1640014080206,-0.00261041,-0.0146597,0.024443,
1640014080227,-0.00261041,-0.0146597,0.024443,
1640014080246,-0.00167808,-0.00905463,0.024443,
1640014080267,-0.00167808,-0.00905463,-0.00701604,
1640014080287,0.00186446,-0.00905463,-0.00701604,
1640014080307,0.00186446,-0.0101324,0.0364382,
1640014080326,0.00186446,-0.0101324,0.0364382,
1640014080347,-0.000559359,0.000646759,0.0364382,
1640014080367,-0.000559359,0.000646759,-0.00316865,
1640014080386,0.00559359,0.000646759,-0.00316865,
1640014080407,0.00559359,-0.00970139,0.00792126,
1640014080427,0.00559359,-0.00970139,0.00792126,
1640014080447,-0.00205105,-0.00905463,0.0301011,
1640014080467,-0.00205105,-0.00905463,0.0301011,
1640014080487,-0.00167808,-0.00819213,0.0301011,
1640014080507,-0.00167808,-0.00819213,-0.0176532,
1640014080526,-0.00298318,-0.00819213,-0.0176532,
1640014080547,-0.00298318,-0.000215509,0.0280642,
1640014080567,-0.00298318,-0.000215509,0.0280642,
1640014080587,0.00577998,-0.00927014,0.0280642,
1640014080607,0.00577998,-0.00927014,-0.0101847,
1640014080627,-0.00242382,-0.00927014,-0.0101847,
1640014080646,-0.00242382,-0.0107792,0.00633706,
1640014080667,-0.00242382,-0.0107792,0.00633706,
1640014080687,0.00186446,-0.00689861,0.0305538,
1640014080707,0.00186446,-0.00689861,0.0305538,
1640014080726,0.00596637,-0.014013,0.0305538,
1640014080746,0.00596637,-0.014013,-0.0142583,
1640014080766,0.00335616,-0.014013,-0.0142583,
1640014080786,0.00335616,-0.015522,0.0393803,
1640014080806,0.00335616,-0.015522,0.0393803,
1640014080826,0.00466126,-0.00474282,0.0393803,
1640014080846,0.00466126,-0.00474282,0.00181069,
1640014080866,0.0041019,-0.00474282,0.00181069,
1640014080886,0.0041019,-0.0146597,0.0165218,
1640014080907,0.0041019,-0.0146597,0.0165218,
1640014080927,-0.00335616,-0.018109,0.0337222,
1640014080947,-0.00335616,-0.018109,0.0337222,
1640014080967,0.000186386,-0.00603634,0.0337222,
1640014080987,0.000186386,-0.00603634,-0.0135793,
1640014081007,0.00205105,-0.00603634,-0.0135793,
1640014081026,0.00205105,-0.0112104,0.0296484,
1640014081047,0.00205105,-0.0112104,0.0296484,
1640014081067,0.000932332,-0.0125039,0.0296484,
1640014081086,0.000932332,-0.0125039,-0.00316865,
1640014081106,-0.0027968,-0.0125039,-0.00316865,
1640014081126,-0.0027968,-0.0112104,0.00452637,
1640014081146,-0.0027968,-0.0112104,0.00452637,
1640014081166,0.00615295,-0.00107801,0.034175,
1640014081186,0.00615295,-0.00107801,0.034175,
1640014081206,-0.00335616,-0.0125039,0.034175,
1640014081226,-0.00335616,-0.0125039,-0.0104109,
1640014081246,-0.011187,-0.0125039,-0.0104109,
1640014081266,-0.011187,-0.0131507,0.033496,
1640014081286,-0.011187,-0.0131507,0.033496,
1640014081307,0.00372893,-0.00452732,0.033496,
1640014081327,0.00372893,-0.00452732,0.00407388,
1640014081346,-0.00130511,-0.00452732,0.00407388,
1640014081366,-0.00130511,-0.00388056,0.00724228,
1640014081386,-0.00130511,-0.00388056,0.00724228,
1640014081406,0.000932332,-0.0247921,0.032817,
1640014081426,0.000932332,-0.0247921,0.032817,
1640014081446,-0.00372893,-0.0122882,0.032817,
1640014081466,-0.00372893,-0.0122882,-0.0129004,
1640014081487,-0.00130511,-0.0122882,-0.0129004,
1640014081507,-0.00130511,-0.015522,0.0344012,
1640014081527,-0.00130511,-0.015522,0.0344012,
1640014081547,-0.00540701,-0.00517407,0.0344012,
1640014081567,-0.00540701,-0.00517407,-0.000678979,
1640014081587,0.00671231,-0.00517407,-0.000678979,
1640014081607,0.00671231,-0.00711435,0.00724228,
1640014081627,0.00671231,-0.00711435,0.00724228,
1640014081646,0.00391552,-0.00366481,0.0291959,
1640014081667,0.00391552,-0.00366481,0.0291959,
1640014081687,0.00372893,-0.00452732,0.0291959,
1640014081707,0.00372893,-0.00452732,-0.0117689,
1640014081727,0.00484765,-0.00452732,-0.0117689,
1640014081746,0.00484765,-0.0159532,0.0271589,
1640014081766,0.00484765,-0.0159532,0.0271589,
1640014081786,-0.00242382,0.00129352,0.0271589,
1640014081806,-0.00242382,0.00129352,0.00565808,
1640014081827,-0.00522062,0.00129352,0.00565808,
1640014081846,-0.00522062,-0.00280255,-0.000452734,
1640014081867,-0.00522062,-0.00280255,-0.000452734,
1640014081887,0.000372973,-0.00150903,0.0310063,
1640014081907,0.000372973,-0.00150903,0.0310063,
1640014081927,0.0068987,-0.00129352,0.0310063,
1640014081946,0.0068987,-0.00129352,-0.0115424,
1640014081967,-0.000745746,-0.00129352,-0.0115424,
1640014081987,-0.000745746,-0.0196181,0.0248955,
1640014082007,-0.000745746,-0.0196181,0.0248955,
1640014082027,-0.00261041,-0.0109947,0.0248955,
1640014082047,-0.00261041,-0.0109947,0.00135796,
1640014082067,-0.000186386,-0.0109947,0.00135796,
1640014082086,-0.000186386,-0.00280255,-0.00271592,
1640014082106,-0.000186386,-0.00280255,-0.00271592,
1640014082127,0.00671231,-0.00948565,0.0339485,
1640014082147,0.00671231,-0.00948565,0.0339485,
1640014082167,0.00559359,-0.0146597,0.0339485,
1640014082186,0.00559359,-0.0146597,-0.0122214,
1640014082207,-0.00391552,-0.0146597,-0.0122214,
1640014082226,-0.00391552,-0.0099169,0.0289694,
1640014082247,-0.00391552,-0.0099169,0.0289694,
1640014082267,-0.00615295,-0.00776111,0.0289694,
1640014082287,-0.00615295,-0.00776111,0.00203694,
1640014082307,0.00261041,-0.00776111,0.00203694,
1640014082327,0.00261041,-0.0066831,-0.00633706,
1640014082346,0.00261041,-0.0066831,-0.00633706,
1640014082367,0.00335616,-0.015091,0.033496,
1640014082386,0.00335616,-0.015091,0.033496,
1640014082406,-0.00596637,-0.00625185,0.033496,
1640014082426,-0.00596637,-0.00625185,-0.00452637,
1640014082446,0.00298318,-0.00625185,-0.00452637,
1640014082467,0.00298318,-0.0133662,0.0350802,
1640014082486,0.00298318,-0.0133662,0.0350802,
1640014082507,0.000745746,-0.015522,0.0350802,
1640014082527,0.000745746,-0.015522,0.0144848,
1640014082547,-0.0106276,-0.015522,0.0144848,
1640014082567,-0.0106276,-0.00452732,-0.00294216,
1640014082587,-0.0106276,-0.00452732,-0.00294216,
1640014082606,0.00316957,-0.014013,0.0445859,
1640014082627,0.00316957,-0.014013,0.0445859,
1640014082647,0.00522062,-0.00582083,0.0445859,
1640014082667,0.00522062,-0.00582083,-0.00973196,
1640014082687,0.0041019,-0.00582083,-0.00973196,
1640014082707,0.0041019,-0.00840787,0.0316853,
1640014082727,0.0041019,-0.00840787,0.0316853,
1640014082747,-0.000745746,-0.00711435,0.0316853,
1640014082767,-0.000745746,-0.00711435,0.00362114,
1640014082786,-0.00242382,-0.00711435,0.00362114,
1640014082807,-0.00242382,-0.0161688,0.00927922,
1640014082827,-0.00242382,-0.0161688,0.00927922,
1640014082847,0.00391552,-0.00970139,0.0409645,
1640014082867,0.00391552,-0.00970139,0.0409645,
1640014082886,-0.00130511,-0.00215579,0.0409645,
1640014082906,-0.00130511,-0.00215579,-0.00927922,
1640014082926,-0.00596637,-0.00215579,-0.00927922,
1640014082947,-0.00596637,-0.00754537,0.0285169,
1640014082966,-0.00596637,-0.00754537,0.0285169,
1640014082987,-0.00242382,-0.00344931,0.0285169,
1640014083007,-0.00242382,-0.00344931,0.00882673,
1640014083027,0.00391552,-0.00344931,0.00882673,
1640014083047,0.00391552,-0.00927014,0.0015842,
1640014083067,0.00391552,-0.00927014,0.0015842,
1640014083087,0.000372973,-0.0157377,0.0344012,
1640014083107,0.000372973,-0.0157377,0.0344012,
1640014083127,0.00484765,-0.0105637,0.0344012,
1640014083147,0.00484765,-0.0105637,-0.00724228,
1640014083167,-0.0027968,-0.0105637,-0.00724228,
1640014083187,-0.0027968,-0.0148752,0.0307801,
1640014083207,-0.0027968,-0.0148752,0.0307801,
1640014083227,-0.00540701,-0.0125039,0.0307801,
1640014083247,-0.00540701,-0.0125039,0.0033949,
1640014083266,0,-0.0125039,0.0033949,
1640014083287,0,-0.00237153,-0.00430012,
1640014083307,0,-0.00237153,-0.00430012,
1640014083327,0.00316957,-0.0118572,0.0350802,
1640014083347,0.00316957,-0.0118572,0.0350802,
1640014083366,-0.00205105,-0.0107792,0.0350802,
1640014083387,-0.00205105,-0.0107792,-0.0104109,
1640014083407,0.00522062,-0.0107792,-0.0104109,
1640014083426,0.00522062,-0.0122882,0.0359854,
1640014083446,0.00522062,-0.0122882,0.0359854,
1640014083466,-0.000745746,-0.0105637,0.0359854,
1640014083486,-0.000745746,-0.0105637,0.0144848,
1640014083507,-0.00242382,-0.0105637,0.0144848,
1640014083527,-0.00242382,-0.0112104,0.00113171,
1640014083547,-0.00242382,-0.0112104,0.00113171,
1640014083567,0.00261041,-0.00431157,0.0362119,
1640014083587,0.00261041,-0.00431157,0.0362119,
1640014083607,0.00242382,-0.0131507,0.0362119,
1640014083627,0.00242382,-0.0131507,-0.00135796,
1640014083647,-0.00652573,-0.0131507,-0.00135796,
1640014083667,-0.00652573,-0.0122882,0.0330433,
1640014083687,-0.00652573,-0.0122882,0.0330433,
1640014083707,0.00186446,-0.0118572,0.0330433,
1640014083727,0.00186446,-0.0118572,0.00565808,
1640014083746,-0.00130511,-0.0118572,0.00565808,
1640014083767,-0.00130511,-0.00754537,-0.0124479,
1640014083787,-0.00130511,-0.00754537,-0.0124479,
1640014083807,0.000932332,0.00409606,0.048886,
1640014083827,0.000932332,0.00409606,0.048886,
1640014083847,-0.00149169,-0.0105637,0.048886,
1640014083867,-0.00149169,-0.0105637,-0.00611081,
1640014083887,0.00577998,-0.0105637,-0.00611081,
1640014083907,0.00577998,-0.017031,0.0280642,
1640014083926,0.00577998,-0.017031,0.0280642,
1640014083947,-0.0068987,-0.00107801,0.0280642,
1640014083967,-0.0068987,-0.00107801,0.00882673,
1640014083986,-0.00316957,-0.00107801,0.00882673,
1640014084006,-0.00316957,-0.0101324,-0.00452637,
1640014084027,-0.00316957,-0.0101324,-0.00452637,
1640014084077,-0.0027968,-0.019187,0.0389276,
1640014084097,-0.0027968,-0.00452732,-0.0065633,
1640014084117,-0.0027968,-0.00452732,-0.0065633,
1640014084137,0.00354254,-0.0112104,-0.0065633,
1640014084157,0.00354254,-0.0112104,0.0219533,
1640014084177,-0.00130511,-0.0112104,0.0219533,
1640014084197,-0.00130511,-0.00474282,0.0210481,
1640014084217,-0.00130511,-0.00474282,0.0210481,
1640014084237,0.00522062,-0.0066831,-0.00520535,
1640014084257,0.00522062,-0.0066831,-0.00520535,
1640014084277,0.000932332,-0.0125039,-0.00520535,
1640014084297,0.000932332,-0.0125039,0.0402855,
1640014084317,0.00633934,-0.0125039,0.0402855,
1640014084337,0.00633934,-0.0166,-0.0119951,
1640014084357,0.00633934,-0.0166,-0.0119951,
1640014084377,0.0027968,-0.0148752,-0.0119951,
1640014084397,0.0027968,-0.0148752,0.0310063,
1640014084417,0.00111872,-0.0148752,0.0310063,
1640014084437,0.00111872,-0.00797662,0.00362114,
1640014084457,0.00111872,-0.00797662,0.00362114,
1640014084477,-0.0096955,-0.00927014,-0.00226318,
1640014084497,-0.0096955,-0.00927014,-0.00226318,
1640014084517,-0.00727167,-0.00194028,-0.00226318,
1640014084537,-0.00727167,-0.00194028,0.0384751,
1640014084557,-0.00167808,-0.00194028,0.0384751,
1640014084577,-0.00167808,-0.0066831,-0.00678979,
1640014084597,-0.00167808,-0.0066831,-0.00678979,
1640014084617,0.000932332,-0.00495833,-0.00678979,
1640014084637,0.000932332,-0.00495833,0.02648,
1640014084657,-0.000186386,-0.00495833,0.02648,
1640014084677,-0.000186386,-0.00840787,0.0235378,
1640014084697,-0.000186386,-0.00840787,0.0235378,
1640014084717,0.00596637,-0.00840787,-0.0065633,
1640014084737,0.00596637,-0.00840787,-0.0065633,
1640014084757,0.00111872,-0.00237153,-0.0065633,
1640014084777,0.00111872,-0.00237153,0.0325905,
1640014084797,0.00316957,-0.00237153,0.0325905,
1640014084817,0.00316957,-0.00625185,-0.00860024,
1640014084837,0.00316957,-0.00625185,-0.00860024,
1640014084857,-0.00391552,-0.00388056,-0.00860024,
1640014084877,-0.00391552,-0.00388056,0.0196902,
1640014084897,0,-0.00388056,0.0196902,
1640014084917,0,-0.0122882,0.017427,
1640014084937,0,-0.0122882,0.017427,
1640014084957,-0.00167808,-0.00495833,-0.008374,
1640014084977,-0.00167808,-0.00495833,-0.008374,
1640014084997,0.00727167,-0.0099169,-0.008374,
1640014085017,0.00727167,-0.0099169,0.0273852,
1640014085037,0.00428829,-0.0099169,0.0273852,
1640014085057,0.00428829,-0.00474282,-0.0119951,
1640014085077,0.00428829,-0.00474282,-0.0119951,
1640014085097,-0.0027968,-0.00625185,-0.0119951,
1640014085117,-0.0027968,-0.00625185,0.0187849,
1640014085137,-0.000745746,-0.00625185,0.0187849,
1640014085157,-0.000745746,-0.00560509,0.0135793,
1640014085177,-0.000745746,-0.00560509,0.0135793,
1640014085197,0.00186446,-0.00560509,-0.0162953,
1640014085217,0.00186446,-0.00560509,-0.0162953,
1640014085237,-0.00428829,-0.00862338,-0.0162953,
1640014085257,-0.00428829,-0.00862338,0.034175,
1640014085277,0.0068987,-0.00862338,0.034175,
1640014085297,0.0068987,-0.0103479,-0.0129004,
1640014085317,0.0068987,-0.0103479,-0.0129004,
1640014085337,-0.00261041,-0.00280255,-0.0129004,
1640014085357,-0.00261041,-0.00280255,0.0129004,
1640014085377,-0.00633934,-0.00280255,0.0129004,
1640014085397,-0.00633934,-0.0144442,0.0176532,
1640014085417,-0.00633934,-0.0144442,0.0176532,
1640014085437,0.00857678,-0.00344931,-0.00633706,
1640014085457,0.00857678,-0.00344931,-0.00633706,
1640014085477,-0.00130511,-0.00625185,-0.00633706,
1640014085497,-0.00130511,-0.00625185,0.0371171,
1640014085517,0.000372973,-0.00625185,0.0371171,
1640014085538,0.000372973,-0.0153065,-0.00814775,
1640014085557,0.000372973,-0.0153065,-0.00814775,
1640014085577,-0.0041019,-0.00517407,-0.00814775,
1640014085597,-0.0041019,-0.00517407,0.0242168,
1640014085617,0.000372973,-0.00517407,0.0242168,
1640014085637,0.000372973,0.00194028,0.0262535,
1640014085657,0.000372973,0.00194028,0.0262535,
1640014085677,-0.00167808,-0.00797662,-0.0133531,
1640014085697,-0.00167808,-0.00797662,-0.0133531,
1640014085717,-0.00466126,-0.0105637,-0.0133531,
1640014085737,-0.00466126,-0.0105637,0.0414173,
1640014085757,-0.00466126,-0.0105637,0.0414173,
1640014085777,-0.00466126,-0.00431157,-0.00814775,
1640014085797,-0.00466126,-0.00431157,-0.00814775,
1640014085817,0.00205105,-0.0185403,-0.00814775,
1640014085837,0.00205105,-0.0185403,0.0224061,
1640014085857,-0.0123057,-0.0185403,0.0224061,
1640014085877,-0.0123057,-0.00819213,0.0242168,
1640014085897,-0.0123057,-0.00819213,0.0242168,
1640014085917,-0.00428829,-0.00452732,-0.0228588,
1640014085937,-0.00428829,-0.00452732,-0.0228588,
1640014085957,-0.000186386,-0.0066831,-0.0228588,
1640014085977,-0.000186386,-0.0066831,0.0350802,
1640014085997,-0.000559359,-0.0066831,0.0350802,
1640014086017,-0.000559359,-0.0153065,-0.0126741,
1640014086037,-0.000559359,-0.0153065,-0.0126741,
1640014086057,-0.00186446,-0.00646759,-0.0126741,
1640014086077,-0.00186446,-0.00646759,0.0205954,
1640014086097,-0.000559359,-0.00646759,0.0205954,
1640014086117,-0.000559359,-0.0159532,0.0278379,
1640014086137,-0.000559359,-0.0159532,0.0278379,
1640014086157,-0.00615295,-0.00754537,-0.0131269,
1640014086177,-0.00615295,-0.00754537,-0.0131269,
1640014086197,-0.00186446,-0.0127194,-0.0131269,
1640014086217,-0.00186446,-0.0127194,0.0359854,
1640014086237,-0.00913614,-0.0127194,0.0359854,
1640014086257,-0.00913614,0.00301829,-0.00950571,
1640014086277,-0.00913614,0.00301829,-0.00950571,
1640014086297,0.00298318,-0.0120727,-0.00950571,
1640014086317,0.00298318,-0.0120727,0.0242168,
1640014086337,-0.000186386,-0.0120727,0.0242168,
1640014086357,-0.000186386,-0.00452732,0.0346275,
1640014086377,-0.000186386,-0.00452732,0.0346275,
1640014086397,-0.0102549,-0.00840787,-0.0183322,
1640014086417,-0.0102549,-0.00840787,-0.0183322,
1640014086437,-0.00559359,-0.00280255,-0.0183322,
1640014086457,-0.00559359,-0.00280255,0.040512,
1640014086477,0.00261041,-0.00280255,0.040512,
1640014086497,0.00261041,-0.0114259,-0.0183322,
1640014086517,0.00261041,-0.0114259,-0.0183322,
1640014086537,-0.000186386,0.00258704,-0.0183322,
1640014086557,-0.000186386,0.00258704,0.01539,
1640014086577,-0.00186446,0.00258704,0.01539,
1640014086597,-0.00186446,-0.00452732,0.0289694,
1640014086617,-0.00186446,-0.00452732,0.0289694,
1640014086637,-0.00316957,-0.0161688,-0.0065633,
1640014086657,-0.00316957,-0.0161688,-0.0065633,
1640014086677,0.00633934,-0.0148752,-0.0065633,
1640014086697,0.00633934,-0.0148752,0.0400593,
1640014086717,0.00540701,-0.0148752,0.0400593,
1640014086737,0.00540701,-0.00732986,-0.0192374,
1640014086757,0.00540701,-0.00732986,-0.0192374,
1640014086777,0.00913614,-0.00043125,-0.0192374,
1640014086797,0.00913614,-0.00043125,0.0194639,
1640014086817,-0.00261041,-0.00043125,0.0194639,
1640014086837,-0.00261041,-0.00970139,0.0303273,
1640014086857,-0.00261041,-0.00970139,0.0303273,
1640014086877,-0.00801742,-0.0103479,-0.0131269,
1640014086897,-0.00801742,-0.0103479,-0.0131269,
1640014086917,-0.00671231,-0.00689861,-0.0131269,
1640014086937,-0.00671231,-0.00689861,0.04187,
1640014086957,-0.0068987,-0.00689861,0.04187,
1640014086977,-0.0068987,-0.00711435,-0.0122214,
1640014086997,-0.0068987,-0.00711435,-0.0122214,
1640014087017,0.00633934,-0.019187,-0.0122214,
1640014087037,0.00633934,-0.019187,0.0108634,
1640014087057,-0.00167808,-0.019187,0.0108634,
1640014087077,-0.00167808,-0.00280255,0.0301011,
1640014087097,-0.00167808,-0.00280255,0.0301011,
1640014087117,0.00130511,-0.00927014,-0.0147111,
1640014087137,0.00130511,-0.00927014,-0.0147111,
1640014087157,-0.00130511,-0.0174623,-0.0147111,
1640014087177,-0.00130511,-0.0174623,0.034854,
1640014087197,-0.00111872,-0.0174623,0.034854,
1640014087217,-0.00111872,-0.00797662,-0.0113162,
1640014087237,-0.00111872,-0.00797662,-0.0113162,
1640014087257,-0.000745746,-0.0105637,-0.0113162,
1640014087277,-0.000745746,-0.0105637,0.0104109,
1640014087297,0.00577998,-0.0105637,0.0104109,
1640014087317,0.00577998,-0.00366481,0.032817,
1640014087337,0.00577998,-0.00366481,0.032817,
1640014087357,0.00261041,0,-0.00520535,
1640014087377,0.00261041,0,-0.00520535,
1640014087397,-0.00839039,-0.00107801,-0.00520535,
1640014087417,-0.00839039,-0.00107801,0.0368909,
1640014087437,0.00615295,-0.00107801,0.0368909,
1640014087457,0.00615295,-0.00625185,-0.000678979,
1640014087477,0.00615295,-0.00625185,-0.000678979,
1640014087497,-0.0041019,-0.014013,-0.000678979,
1640014087517,-0.0041019,-0.014013,0.00407388,
1640014087537,-0.00223744,-0.014013,0.00407388,
1640014087557,-0.00223744,-0.00797662,0.0201429,
1640014087577,-0.00223744,-0.00797662,0.0201429,
1640014087597,-0.00428829,-0.00452732,-0.0217271,
1640014087617,-0.00428829,-0.00452732,-0.0217271,
1640014087637,-0.00559359,-0.0166,-0.0217271,
1640014087657,-0.00559359,-0.0166,0.0371171,
1640014087677,-0.000559359,-0.0166,0.0371171,
1640014087697,-0.000559359,-0.00538958,-0.00520535,
1640014087717,-0.000559359,-0.00538958,-0.00520535,
1640014087737,0.00391552,-0.00517407,-0.00520535,
1640014087757,0.00391552,-0.00517407,0.000678979,
1640014087777,0.000932332,-0.00517407,0.000678979,
1640014087797,0.000932332,-0.00366481,0.0233113,
1640014087817,0.000932332,-0.00366481,0.0233113,
1640014087837,0.0027968,-0.00970139,-0.0158428,
1640014087857,0.0027968,-0.00970139,-0.0158428,
1640014087877,0.00447488,-0.0101324,-0.0158428,
1640014087897,0.00447488,-0.0101324,0.0364382,
1640014087917,-0.00205105,-0.0101324,0.0364382,
1640014087937,-0.00205105,-0.0105637,-0.0049791,
1640014087957,-0.00205105,-0.0105637,-0.0049791,
1640014087977,0.000745746,-0.0109947,-0.0049791,
1640014087997,0.000745746,-0.0109947,0.0110899,
1640014088017,0.00205105,-0.0109947,0.0110899,
1640014088037,0.00205105,-0.00905463,0.0282904,
1640014088057,0.00205105,-0.00905463,0.0282904,
1640014088077,0.00261041,-0.0222051,-0.00701604,
1640014088097,0.00261041,-0.0222051,-0.00701604,
1640014088117,-0.00298318,-0.00366481,-0.00701604,
1640014088137,-0.00298318,-0.00366481,0.0337222,
1640014088157,0.000745746,-0.00366481,0.0337222,
1640014088177,0.000745746,-0.00344931,-0.00203694,
1640014088197,0.000745746,-0.00344931,-0.00203694,
1640014088217,-0.00615295,-0.00711435,-0.00203694,
1640014088237,-0.00615295,-0.00711435,0.00792126,
1640014088257,-0.000932332,-0.00711435,0.00792126,
1640014088277,-0.000932332,-0.0109947,0.0267062,
1640014088297,-0.000932332,-0.0109947,0.0267062,
1640014088317,0.000559359,-0.0112104,-0.0115424,
1640014088337,0.000559359,-0.0112104,-0.0115424,
1640014088357,-0.00447488,-0.0122882,-0.0115424,
1640014088377,-0.00447488,-0.0122882,0.0337222,
1640014088397,-0.00428829,-0.0122882,0.0337222,
1640014088417,-0.00428829,0.00517407,-0.0124479,
1640014088437,-0.00428829,0.00517407,-0.0124479,
1640014088457,0.00577998,-0.00431157,-0.0124479,
1640014088477,0.00577998,-0.00431157,0.00520535,
1640014088497,-0.00205105,-0.00431157,0.00520535,
1640014088517,-0.00205105,-0.00970139,0.0314591,
1640014088537,-0.00205105,-0.00970139,0.0314591,
1640014088557,-0.000745746,-0.00754537,-0.0149373,
1640014088577,-0.000745746,-0.00754537,-0.0149373,
1640014088597,0.00540701,-0.00603634,-0.0149373,
1640014088617,0.00540701,-0.00603634,0.0371171,
1640014088637,0.00932252,-0.00603634,0.0371171,
1640014088657,0.00932252,-0.00883889,-0.008374,
1640014088677,0.00932252,-0.00883889,-0.008374,
1640014088697,0.00671231,-0.00582083,-0.008374,
1640014088717,0.00671231,-0.00582083,0.00769502,
1640014088737,0.000932332,-0.00582083,0.00769502,
1640014088757,0.000932332,-0.0112104,0.0287431,
1640014088777,0.000932332,-0.0112104,0.0287431,
1640014088797,0.00354254,-0.0135817,-0.0104109,
1640014088817,0.00354254,-0.0135817,-0.0104109,
1640014088837,0.00298318,-0.00819213,-0.0104109,
1640014088857,0.00298318,-0.00819213,0.0346275,
1640014088877,-0.00205105,-0.00819213,0.0346275,
1640014088897,-0.00205105,-0.00517407,0.000905225,
1640014088917,-0.00205105,-0.00517407,0.000905225,
1640014088937,-0.00298318,-0.00905463,0.000905225,
1640014088957,-0.00298318,-0.00905463,0.0065633,
1640014088977,0.000932332,-0.00905463,0.0065633,
1640014088997,0.000932332,-0.0133662,0.0366644,
1640014089017,0.000932332,-0.0133662,0.0366644,
1640014089037,-0.00298318,-0.000862268,-0.00950571,
1640014089076,0.00540701,-0.0066831,-0.00950571,
1640014089077,0.00540701,-0.0066831,-0.00950571,
1640014089097,0.00540701,-0.0066831,0.0332695,
1640014089117,0.00186446,-0.0066831,0.0332695,
1640014089137,0.00186446,-0.0118572,-0.00362114,
1640014089157,0.00186446,-0.0118572,-0.00362114,
1640014089177,-0.00205105,-0.0198338,-0.00362114,
1640014089197,-0.00205105,-0.0198338,0.00248967,
1640014089217,0.00316957,-0.0198338,0.00248967,
1640014089237,0.00316957,-0.00819213,0.0402855,
1640014089257,0.00316957,-0.00819213,0.0402855,
1640014089277,0.0100683,-0.00927014,-0.00950571,
1640014089297,0.0100683,-0.00927014,-0.00950571,
1640014089317,-0.00298318,-0.0122882,-0.00950571,
1640014089337,-0.00298318,-0.0122882,0.0269324,
1640014089357,0.0041019,-0.0122882,0.0269324,
1640014089377,0.0041019,-0.0187558,-0.00294216,
1640014089397,0.0041019,-0.0187558,-0.00294216,
1640014089417,-0.00167808,-0.00883889,-0.00294216,
1640014089437,-0.00167808,-0.00883889,0.00316865,
1640014089457,-0.00111872,-0.00883889,0.00316865,
1640014089477,-0.00111872,-0.00625185,0.0316853,
1640014089497,-0.00111872,-0.00625185,0.0316853,
1640014089517,0.00261041,-0.0116414,-0.0104109,
1640014089537,0.00261041,-0.0116414,-0.0104109,
1640014089557,0.00111872,-0.0163845,-0.0104109,
1640014089577,0.00111872,-0.0163845,0.034854,
1640014089597,0.00298318,-0.0163845,0.034854,
1640014089617,0.00298318,-0.00797662,-0.00611081,
1640014089637,0.00298318,-0.00797662,-0.00611081,
1640014089657,-0.000932332,0,-0.00611081,
1640014089677,-0.000932332,0,0.00543183,
1640014089697,0.00205105,0,0.00543183,
1640014089717,0.00205105,-0.00452732,0.0377961,
1640014089737,0.00205105,-0.00452732,0.0377961,
1640014089757,-0.00596637,-0.015522,-0.00973196,
1640014089777,-0.00596637,-0.015522,-0.00973196,
1640014089797,0.00167808,-0.00582083,-0.00973196,
1640014089817,0.00167808,-0.00582083,0.023764,
1640014089837,-0.000932332,-0.00582083,0.023764,
1640014089857,-0.000932332,-0.00948565,-0.000905225,
1640014089877,-0.000932332,-0.00948565,-0.000905225,
1640014089897,-0.000745746,0.00280255,-0.000905225,
1640014089917,-0.000745746,0.00280255,-0.00113171,
1640014089937,0.00186446,0.00280255,-0.00113171,
1640014089957,0.00186446,-0.00840787,0.0362119,
1640014089977,0.00186446,-0.00840787,0.0362119,
1640014089997,0.00223744,-0.0137975,-0.0099582,
1640014090017,0.00223744,-0.0137975,-0.0099582,
1640014090037,0.00391552,-0.00905463,-0.0099582,
1640014090057,0.00391552,-0.00905463,0.034175,
1640014090077,-0.00186446,-0.00905463,0.034175,
1640014090097,-0.00186446,-0.00862338,0.00294216,
1640014090117,-0.00186446,-0.00862338,0.00294216,
1640014090137,0.00335616,-0.0107792,0.00294216,
1640014090157,0.00335616,-0.0107792,-0.00746877,
1640014090177,0.00261041,-0.0107792,-0.00746877,
1640014090197,0.00261041,-0.00948565,0.0355329,
1640014090217,0.00261041,-0.00948565,0.0355329,
1640014090237,-0.00559359,-0.00840787,-0.0156163,
1640014090257,-0.00559359,-0.00840787,-0.0156163,
1640014090277,0.00167808,-0.0157377,-0.0156163,
1640014090297,0.00167808,-0.0157377,0.0316853,
1640014090317,-0.00298318,-0.0157377,0.0316853,
1640014090337,-0.00298318,0.00366481,-0.00746877,
1640014090357,-0.00298318,0.00366481,-0.00746877,
1640014090377,-0.00205105,-0.0144442,-0.00746877,
1640014090397,-0.00205105,-0.0144442,-0.00294216,
1640014090417,0.00950891,-0.0144442,-0.00294216,
1640014090437,0.00950891,-0.00883889,0.0298748,
1640014090457,0.00950891,-0.00883889,0.0298748,
1640014090477,-0.00671231,-0.00366481,-0.0228588,
1640014090497,-0.00671231,-0.00366481,-0.0228588,
1640014090517,0.000186386,-0.00948565,-0.0228588,
1640014090537,0.000186386,-0.00948565,0.0319115,
1640014090557,0.00316957,-0.00948565,0.0319115,
1640014090577,0.00316957,-0.00495833,-0.000905225,
1640014090597,0.00316957,-0.00495833,-0.000905225,
1640014090617,-0.0082038,-0.00409606,-0.000905225,
1640014090637,-0.0082038,-0.00409606,-0.000226245,
1640014090657,0.00540701,-0.00409606,-0.000226245,
1640014090677,0.00540701,-0.00517407,0.033496,
1640014090697,0.00540701,-0.00517407,0.033496,
1640014090717,-0.00540701,-0.00883889,-0.0104109,
1640014090737,-0.00540701,-0.00883889,-0.0104109,
1640014090757,-0.00522062,-0.00970139,-0.0104109,
1640014090777,-0.00522062,-0.00970139,0.025801,
1640014090797,0.00522062,-0.00970139,0.025801,
1640014090817,0.00522062,-0.00538958,-0.00181069,
1640014090837,0.00522062,-0.00538958,-0.00181069,
1640014090857,0.000745746,0.000215509,-0.00181069,
1640014090877,0.000745746,0.000215509,-0.00181069,
1640014090897,-0.00205105,0.000215509,-0.00181069,
1640014090917,-0.00205105,-0.0122882,0.0310063,
1640014090937,-0.00205105,-0.0122882,0.0310063,
1640014090957,-0.00428829,-0.0157377,-0.0133531,
1640014090977,-0.00428829,-0.0157377,-0.0133531,
1640014090997,-0.00372893,-0.00905463,-0.0133531,
1640014091017,-0.00372893,-0.00905463,0.0273852,
1640014091037,0.00261041,-0.00905463,0.0273852,
1640014091057,0.00261041,-0.0118572,0.00520535,
1640014091077,0.00261041,-0.0118572,0.00520535,
1640014091097,-0.00261041,-0.018109,0.00520535,
1640014091117,-0.00261041,-0.018109,-0.00226318,
1640014091137,-0.00354254,-0.018109,-0.00226318,
1640014091157,-0.00354254,-0.0131507,0.0373434,
1640014091177,-0.00354254,-0.0131507,0.0373434,
1640014091197,-0.00633934,-0.00819213,-0.00769502,
1640014091217,-0.00633934,-0.00819213,-0.00769502,
1640014091237,-0.00261041,-0.0125039,-0.00769502,
1640014091257,-0.00261041,-0.0125039,0.0362119,
1640014091277,-0.000932332,-0.0125039,0.0362119,
1640014091297,-0.000932332,-0.00970139,0.00452637,
1640014091317,-0.000932332,-0.00970139,0.00452637,
1640014091337,-0.00205105,-0.00927014,0.00452637,
1640014091357,-0.00205105,-0.00927014,-0.00769502,
1640014091377,-0.00559359,-0.00927014,-0.00769502,
1640014091397,-0.00559359,-0.00797662,0.0307801,
1640014091417,-0.00559359,-0.00797662,0.0307801,
1640014091437,0.00354254,-0.00409606,-0.0119951,
1640014091457,0.00354254,-0.00409606,-0.0119951,
1640014091477,0.00149169,-0.0109947,-0.0119951,
1640014091497,0.00149169,-0.0109947,0.0194639,
1640014091517,0.000932332,-0.0109947,0.0194639,
1640014091537,0.000932332,-0.015091,0.00792126,
1640014091557,0.000932332,-0.015091,0.00792126,
1640014091577,0.00857678,-0.0105637,0.00792126,
1640014091597,0.00857678,-0.0105637,0.000452734,
1640014091617,0.00205105,-0.0105637,0.000452734,
1640014091637,0.00205105,-0.00194028,0.0434542,
1640014091657,0.00205105,-0.00194028,0.0434542,
1640014091677,0.00354254,-0.00194028,-0.0156163,
1640014091697,0.00354254,-0.00194028,-0.0156163,
1640014091717,0.00745806,-0.00862338,-0.0156163,
1640014091737,0.00745806,-0.00862338,0.0305538,
1640014091757,0.000745746,-0.00862338,0.0305538,
1640014091777,0.000745746,-0.00732986,0.00611081,
1640014091797,0.000745746,-0.00732986,0.00611081,
1640014091817,-0.00633934,-0.00517407,0.00611081,
1640014091837,-0.00633934,-0.00517407,-0.00724228,
1640014091857,0.000186386,-0.00517407,-0.00724228,
1640014091877,0.000186386,-0.0144442,0.0337222,
1640014091897,0.000186386,-0.0144442,0.0337222,
1640014091917,-0.0027968,-0.00840787,-0.0199164,
1640014091937,-0.0027968,-0.00840787,-0.0199164,
1640014091957,0.00596637,-0.00948565,-0.0199164,
1640014091977,0.00596637,-0.00948565,0.0387013,
1640014091997,-0.00335616,-0.00948565,0.0387013,
1640014092017,-0.00335616,-0.00344931,0.0187849,
1640014092037,-0.00335616,-0.00344931,0.0187849,
1640014092057,-0.0027968,-0.0219896,0.0187849,
1640014092077,-0.0027968,-0.0219896,-0.00860024,
1640014092097,-0.00149169,-0.0219896,-0.00860024,
1640014092117,-0.00149169,-0.00732986,0.04187,
1640014092137,-0.00149169,-0.00732986,0.04187,
1640014092157,-0.00540701,-0.012935,-0.018106,
1640014092177,-0.00540701,-0.012935,-0.018106,
1640014092197,-0.013238,-0.0105637,-0.018106,
1640014092217,-0.013238,-0.0105637,0.0230851,
1640014092237,-0.00111872,-0.0105637,0.0230851,
1640014092257,-0.00111872,-0.012935,0.0142583,
1640014092277,-0.00111872,-0.012935,0.0142583,
1640014092297,0,-0.00862338,0.0142583,
1640014092317,0,-0.00862338,-0.00362114,
1640014092337,-0.000372973,-0.00862338,-0.00362114,
1640014092357,-0.000372973,-0.00797662,0.0355329,
1640014092377,-0.000372973,-0.00797662,0.0355329,
1640014092397,-0.000745746,-0.0161688,0.0355329,
1640014092417,-0.000745746,-0.0161688,-0.00678979,
1640014092437,0.00857678,-0.0114259,-0.00678979,
1640014092457,0.00857678,-0.0114259,0.0423225,
1640014092477,-0.00354254,-0.0114259,0.0423225,
1640014092497,-0.00354254,-0.015091,0.0423225,
1640014092517,-0.00354254,-0.015091,0.0108634,
1640014092537,0.000932332,-0.0101324,0.0108634,
1640014092557,0.000932332,-0.0101324,0.00475286,
1640014092577,-0.00372893,-0.0101324,0.00475286,
1640014092597,-0.00372893,-0.0135817,0.0414173,
1640014092617,-0.00372893,-0.0135817,0.0414173,
1640014092637,-0.00316957,-0.00582083,0.0414173,
1640014092657,-0.00316957,-0.00582083,-0.00724228,
1640014092677,0.00298318,-0.00948565,-0.00724228,
1640014092697,0.00298318,-0.00948565,0.0287431,
1640014092717,0.00130511,-0.00948565,0.0287431,
1640014092737,0.00130511,-0.0116414,0.0287431,
1640014092757,0.00130511,-0.0116414,0.0147111,
1640014092777,0.000372973,-0.00970139,0.0147111,
1640014092797,0.000372973,-0.00970139,0.0033949,
1640014092817,0.00391552,-0.00970139,0.0033949,
1640014092837,0.00391552,-0.0157377,0.0371171,
1640014092857,0.00391552,-0.0157377,0.0371171,
1640014092877,-0.00167808,-0.00495833,0.0371171,
1640014092897,-0.00167808,-0.00495833,-0.0194639,
1640014092917,0.00372893,0.00150903,-0.0194639,
1640014092937,0.00372893,0.00150903,0.025122,
1640014092957,0.00223744,0.00150903,0.025122,
1640014092977,0.00223744,-0.00840787,0.025122,
1640014092997,0.00223744,-0.00840787,0.0101847,
1640014093017,0.000745746,-0.00129352,0.0101847,
1640014093037,0.000745746,-0.00129352,-0.00543183,
1640014093057,0.00149169,-0.00129352,-0.00543183,
1640014093077,0.00149169,-0.0206961,0.0384751,
1640014093097,0.00149169,-0.0206961,0.0384751,
1640014093117,0.00205105,-0.00797662,0.0384751,
1640014093137,0.00205105,-0.00797662,-0.0049791,
1640014093157,0.00167808,-0.0103479,-0.0049791,
1640014093177,0.00167808,-0.0103479,0.033496,
1640014093197,-0.00261041,-0.0103479,0.033496,
1640014093217,-0.00261041,-0.0116414,0.033496,
1640014093237,-0.00261041,-0.0116414,0.0158428,
1640014093257,-0.00261041,-0.0105637,0.0158428,
1640014093277,-0.00261041,-0.0105637,-0.00882673,
1640014093297,0.00615295,-0.0105637,-0.00882673,
1640014093317,0.00615295,-0.00883889,0.0346275,
1640014093337,0.00615295,-0.00883889,0.0346275,
1640014093357,-0.00372893,-0.00301829,0.0346275,
1640014093377,-0.00372893,-0.00301829,-0.00701604,
1640014093397,-0.00205105,-0.0144442,-0.00701604,
1640014093417,-0.00205105,-0.0144442,0.0205954,
1640014093437,0.000559359,-0.0144442,0.0205954,
1640014093457,0.000559359,-0.00732986,0.0205954,
1640014093477,0.000559359,-0.00732986,0.00973196,
1640014093497,0.000372973,-0.0133662,0.00973196,
1640014093517,0.000372973,-0.0133662,-0.0142583,
1640014093537,0.00391552,-0.0133662,-0.0142583,
1640014093557,0.00391552,-0.00388056,0.0380224,
1640014093577,0.00391552,-0.00388056,0.0380224,
1640014093597,-0.00503423,-0.00646759,0.0380224,
1640014093617,-0.00503423,-0.00646759,0.00181069,
1640014093637,0.00205105,-0.00689861,0.00181069,
1640014093657,0.00205105,-0.00689861,0.0224061,
1640014093677,0.00205105,-0.00689861,0.0224061,
1640014093697,0.00205105,-0.0137975,0.0224061,
1640014093717,0.00205105,-0.0137975,0.0133531,
1640014093737,0.00186446,-0.00819213,0.0133531,
1640014093757,0.00186446,-0.00819213,-0.00814775,
1640014093777,-0.00596637,-0.00819213,-0.00814775,
1640014093797,-0.00596637,-0.0099169,0.0271589,
1640014093817,-0.00596637,-0.0099169,0.0271589,
1640014093837,0.000559359,-0.0122882,0.0271589,
1640014093857,0.000559359,-0.0122882,-0.00430012,
1640014093877,0.00503423,-0.0131507,-0.00430012,
1640014093897,0.00503423,-0.0131507,0.0289694,
1640014093917,0.0137974,-0.0131507,0.0289694,
1640014093937,0.0137974,-0.0099169,0.0289694,
1640014093957,0.0137974,-0.0099169,0.00792126,
1640014093977,-0.00298318,-0.00711435,0.00792126,
1640014093997,-0.00298318,-0.00711435,-0.00407388,
1640014094017,-0.00167808,-0.00711435,-0.00407388,
1640014094037,-0.00167808,-0.0105637,0.0368909,
1640014094081,-0.00111872,-0.00172477,0.0368909,
1640014094101,-0.00111872,-0.00172477,-0.00226318,
1640014094121,0.0068987,-0.0148752,-0.00226318,
1640014094141,0.0068987,-0.0148752,0.0224061,
1640014094161,-0.00298318,-0.0148752,0.0224061,
1640014094181,-0.00298318,-0.0166,0.0210481,
1640014094201,-0.00298318,-0.0166,0.0210481,
1640014094221,0.00111872,-0.00754537,0.0210481,
1640014094241,0.00111872,-0.00754537,-0.0129004,
1640014094261,-0.0068987,-0.0118572,-0.0129004,
1640014094281,-0.0068987,-0.0118572,0.0332695,
1640014094301,-0.00522062,-0.0118572,0.0332695,
1640014094321,-0.00522062,-0.0176778,0.0332695,
1640014094341,-0.00522062,-0.0176778,-0.0117689,
1640014094361,0.00298318,-0.00883889,-0.0117689,
1640014094381,0.00298318,-0.00883889,0.0310063,
1640014094401,-0.000186386,-0.00883889,0.0310063,
1640014094421,-0.000186386,-0.014013,0.0131269,
1640014094441,-0.000186386,-0.014013,0.0131269,
1640014094461,-0.00149169,-0.0099169,0.0131269,
1640014094481,-0.00149169,-0.0099169,-0.00882673,
1640014094501,0.00503423,-0.00970139,-0.00882673,
1640014094521,0.00503423,-0.00970139,0.0269324,
1640014094541,-0.000186386,-0.00970139,0.0269324,
1640014094561,-0.000186386,-0.00776111,0.0269324,
1640014094581,-0.000186386,-0.00776111,-0.0131269,
1640014094601,0.00745806,-0.00840787,-0.0131269,
1640014094621,0.00745806,-0.00840787,0.0291959,
1640014094641,0.00186446,-0.00840787,0.0291959,
1640014094661,0.00186446,-0.0217741,0.0101847,
1640014094681,0.00186446,-0.0217741,0.0101847,
1640014094701,-0.000372973,-0.00883889,0.0101847,
1640014094721,-0.000372973,-0.00883889,-0.0101847,
1640014094741,-0.00447488,-0.0153065,-0.0101847,
1640014094761,-0.00447488,-0.0153065,0.0337222,
1640014094781,0.00466126,-0.0153065,0.0337222,
1640014094801,0.00466126,-0.0133662,0.0337222,
1640014094821,0.00466126,-0.0133662,-0.0135793,
1640014094841,-0.00335616,0.00237153,-0.0135793,
1640014094861,-0.00335616,0.00237153,0.02648,
1640014094881,-0.00149169,0.00237153,0.02648,
1640014094901,-0.00149169,-0.018109,0.0131269,
1640014094921,-0.00149169,-0.018109,0.0131269,
1640014094941,0.000559359,-0.0133662,0.0131269,
1640014094961,0.000559359,-0.0133662,-0.0113162,
1640014094981,-0.00223744,-0.0133662,-0.0113162,
1640014095001,-0.00223744,-0.0133662,0.0391541,
1640014095021,-0.0068987,-0.0133662,0.0391541,
1640014095041,-0.0068987,-0.00538958,0.0391541,
1640014095061,-0.0068987,-0.00538958,-0.0129004,
1640014095081,-0.00372893,-0.0174623,-0.0129004,
1640014095101,-0.00372893,-0.0174623,0.0267062,
1640014095121,0.0068987,-0.0174623,0.0267062,
1640014095141,0.0068987,-0.0105637,0.0151638,
1640014095161,0.0068987,-0.0105637,0.0151638,
1640014095181,0.000372973,-0.00948565,0.0151638,
1640014095201,0.000372973,-0.00948565,-0.0135793,
1640014095221,-0.000372973,-0.00819213,-0.0135793,
1640014095241,-0.000372973,-0.00819213,0.0366644,
1640014095261,-0.000186386,-0.00819213,0.0366644,
1640014095281,-0.000186386,-0.000862268,0.0366644,
1640014095301,-0.000186386,-0.000862268,-0.00882673,
1640014095321,-0.00354254,-0.00625185,-0.00882673,
1640014095341,-0.00354254,-0.00625185,0.0325905,
1640014095361,0.000372973,-0.00625185,0.0325905,
1640014095381,0.000372973,-0.0137975,0.0226323,
1640014095401,0.000372973,-0.0137975,0.0226323,
1640014095421,-0.00261041,-0.00344931,0.0226323,
1640014095441,-0.00261041,-0.00344931,-0.0129004,
1640014095461,0.000745746,-0.0137975,-0.0129004,
1640014095481,0.000745746,-0.0137975,0.0314591,
1640014095501,0.00522062,-0.0137975,0.0314591,
1640014095521,0.00522062,-0.00905463,0.0314591,
1640014095541,0.00522062,-0.00905463,-0.0142583,
1640014095561,0.000745746,-0.00689861,-0.0142583,
1640014095581,0.000745746,-0.00689861,0.0239903,
1640014095601,0.000932332,-0.00689861,0.0239903,
1640014095621,0.000932332,-0.00603634,0.0162953,
1640014095641,0.000932332,-0.00603634,0.0162953,
1640014095661,0.00391552,-0.0066831,0.0162953,
1640014095681,0.00391552,-0.0066831,-0.0115424,
1640014095701,-0.00130511,-0.0127194,-0.0115424,
1640014095721,-0.00130511,-0.0127194,0.0332695,
1640014095741,-0.000559359,-0.0127194,0.0332695,
1640014095761,-0.000559359,-0.00495833,0.0332695,
1640014095781,-0.000559359,-0.00495833,-0.008374,
1640014095801,0.000932332,-0.00970139,-0.008374,
1640014095821,0.000932332,-0.00970139,0.0253482,
1640014095841,0.00839039,-0.00970139,0.0253482,
1640014095861,0.00839039,-0.0120727,0.0246693,
1640014095881,0.00839039,-0.0120727,0.0246693,
1640014095901,-0.00484765,-0.0112104,0.0246693,
1640014095921,-0.00484765,-0.0112104,-0.0187849,
1640014095941,-0.000186386,-0.00495833,-0.0187849,
1640014095961,-0.000186386,-0.00495833,0.0380224,
1640014095981,-0.000372973,-0.00495833,0.0380224,
1640014096001,-0.000372973,-0.00776111,0.0380224,
1640014096021,-0.000372973,-0.00776111,-0.0144848,
1640014096041,-0.00186446,-0.0127194,-0.0144848,
1640014096061,-0.00186446,-0.0127194,0.0246693,
1640014096081,0.00223744,-0.0127194,0.0246693,
1640014096101,0.00223744,-0.0107792,0.0178795,
1640014096121,0.00223744,-0.0107792,0.0178795,
1640014096141,0.00261041,-0.00819213,0.0178795,
1640014096161,0.00261041,-0.00819213,-0.016748,
1640014096181,-0.00261041,-0.0099169,-0.016748,
1640014096201,-0.00261041,-0.0099169,0.0312328,
1640014096221,0.000932332,-0.0099169,0.0312328,
1640014096241,0.000932332,-0.00948565,0.0312328,
1640014096261,0.000932332,-0.00948565,-0.00633706,
1640014096281,0.00186446,-0.00754537,-0.00633706,
1640014096301,0.00186446,-0.00754537,0.0316853,
1640014096321,-0.00242382,-0.00754537,0.0316853,
1640014096341,-0.00242382,-0.0189713,0.0144848,
1640014096361,-0.00242382,-0.0189713,0.0144848,
1640014096381,0.00316957,-0.00280255,0.0144848,
1640014096401,0.00316957,-0.00280255,-0.0144848,
1640014096421,0.00223744,-0.0127194,-0.0144848,
1640014096441,0.00223744,-0.0127194,0.0332695,
1640014096461,-0.00186446,-0.0127194,0.0332695,
1640014096481,-0.00186446,-0.00754537,0.0332695,
1640014096501,-0.00186446,-0.00754537,-0.0115424,
1640014096521,0.000186386,-0.00970139,-0.0115424,
1640014096541,0.000186386,-0.00970139,0.0219533,
1640014096561,0.00149169,-0.00970139,0.0219533,
1640014096581,0.00149169,-0.00819213,0.018106,
1640014096601,0.00149169,-0.00819213,0.018106,
1640014096621,-0.00894955,-0.0101324,0.018106,
1640014096641,-0.00894955,-0.0101324,-0.0140321,
1640014096661,0.00372893,-0.00625185,-0.0140321,
1640014096681,0.00372893,-0.00625185,0.0278379,
1640014096701,-0.00447488,-0.00625185,0.0278379,
1640014096721,-0.00447488,-0.00754537,0.0278379,
1640014096741,-0.00447488,-0.00754537,-0.00611081,
1640014096761,-0.00111872,-0.00301829,-0.00611081,
1640014096781,-0.00111872,-0.00301829,0.0117689,
1640014096801,0.00335616,-0.00301829,0.0117689,
1640014096821,0.00335616,-0.0133662,0.0271589,
1640014096841,0.00335616,-0.0133662,0.0271589,
1640014096861,-0.00186446,-0.0198338,0.0271589,
1640014096881,-0.00186446,-0.0198338,-0.0147111,
1640014096901,-0.00149169,-0.00603634,-0.0147111,
1640014096921,-0.00149169,-0.00603634,0.0436804,
1640014096941,0,-0.00603634,0.0436804,
1640014096961,0,-0.0116414,0.0436804,
1640014096981,0,-0.0116414,-0.00135796,
1640014097001,-0.0104412,-0.0120727,-0.00135796,
1640014097021,-0.0104412,-0.0120727,0.0253482,
1640014097041,-0.00223744,-0.0120727,0.0253482,
1640014097061,-0.00223744,-0.00237153,0.0260272,
1640014097081,-0.00223744,-0.00237153,0.0260272,
1640014097101,0.00261041,-0.0099169,0.0260272,
1640014097121,0.00261041,-0.0099169,-0.0104109,
1640014097141,-0.0027968,-0.00797662,-0.0104109,
1640014097161,-0.0027968,-0.00797662,0.0276114,
1640014097181,0.00633934,-0.00797662,0.0276114,
1640014097201,0.00633934,-0.0196181,0.0276114,
1640014097221,0.00633934,-0.0196181,-0.00520535,
1640014097241,-0.000559359,-0.00258704,-0.00520535,
1640014097261,-0.000559359,-0.00258704,0.0158428,
1640014097281,0.00708508,-0.00258704,0.0158428,
1640014097301,0.00708508,-0.0118572,0.0135793,
1640014097321,0.00708508,-0.0118572,0.0135793,
1640014097341,-0.0100683,-0.00819213,0.0135793,
1640014097361,-0.0100683,-0.00819213,-0.01539,
1640014097381,0,-0.0168155,-0.01539,
1640014097401,0,-0.0168155,0.0221798,
1640014097421,0.00111872,-0.0168155,0.0221798,
1640014097441,0.00111872,-0.0133662,0.0221798,
1640014097461,0.00111872,-0.0133662,-0.00927922,
1640014097481,-0.00316957,-0.00689861,-0.00927922,
1640014097501,-0.00316957,-0.00689861,0.0144848,
1640014097521,0.00111872,-0.00689861,0.0144848,
1640014097541,0.00111872,-0.00603634,0.0162953,
1640014097561,0.00111872,-0.00603634,0.0162953,
1640014097581,0.000186386,-0.0109947,0.0162953,
1640014097601,0.000186386,-0.0109947,-0.0187849,
1640014097621,0.00671231,-0.0118572,-0.0187849,
1640014097641,0.00671231,-0.0118572,0.023764,
1640014097661,0.00801742,-0.0118572,0.023764,
1640014097681,0.00801742,-0.017031,0.023764,
1640014097701,0.00801742,-0.017031,-0.00905298,
1640014097721,-0.000559359,-0.0125039,-0.00905298,
1640014097741,-0.000559359,-0.0125039,0.0133531,
1640014097761,0.000186386,-0.0125039,0.0133531,
1640014097781,0.000186386,-0.00797662,0.0289694,
1640014097801,0.000186386,-0.00797662,0.0289694,
1640014097821,0.00149169,0.00215579,0.0289694,
1640014097841,0.00149169,0.00215579,-0.023764,
1640014097861,0.00111872,-0.0066831,-0.023764,
1640014097881,0.00111872,-0.0066831,0.0439069,
1640014097901,-0.00335616,-0.0066831,0.0439069,
1640014097921,-0.00335616,-0.00689861,0.0439069,
1640014097941,-0.00335616,-0.00689861,-0.0115424,
1640014097961,-0.00167808,-0.0066831,-0.0115424,
1640014097981,-0.00167808,-0.0066831,0.0210481,
1640014098001,0.00372893,-0.0066831,0.0210481,
1640014098021,0.00372893,-0.0148752,0.0330433,
1640014098041,0.00372893,-0.0148752,0.0330433,
1640014098061,-0.000559359,-0.00797662,0.0330433,
1640014098081,-0.000559359,-0.00797662,-0.00792126,
1640014098101,-0.000372973,-0.00517407,-0.00792126,
1640014098121,-0.000372973,-0.00517407,0.0357592,
1640014098141,0.00316957,-0.00517407,0.0357592,
1640014098161,0.00316957,-0.00172477,0.0357592,
1640014098181,0.00316957,-0.00172477,0.118367,
1640014098201,-0.00577998,-0.00560509,0.118367,
1640014098221,-0.00577998,-0.00560509,0.262083,
1640014098241,-0.00615295,-0.00560509,0.262083,
1640014098261,-0.00615295,-0.0131507,0.245561,
1640014098281,-0.00615295,-0.0131507,0.245561,
1640014098301,0.00503423,0.00150903,0.245561,
1640014098321,0.00503423,0.00150903,-0.557662,
1640014098341,-0.000372973,-0.0116414,-0.557662,
1640014098361,-0.000372973,-0.0116414,0.499497,
1640014098381,0.0041019,-0.0116414,0.499497,
1640014098401,0.0041019,-0.00625185,0.499497,
1640014098421,0.0041019,-0.00625185,-0.631217,
1640014098441,0.00559359,-0.0112104,-0.631217,
1640014098461,0.00559359,-0.0112104,0.470075,
1640014098481,0.00205105,-0.0112104,0.470075,
1640014098501,0.00205105,-0.0133662,0.247372,
1640014098521,0.00205105,-0.0133662,0.247372,
1640014098541,-0.00186446,-0.00517407,0.247372,
1640014098561,-0.00186446,-0.00517407,-0.579163,
1640014098581,-0.00913614,-0.0114259,-0.579163,
1640014098601,-0.00913614,-0.0114259,0.511039,
1640014098621,-0.000372973,-0.0114259,0.511039,
1640014098641,-0.000372973,-0.000646759,0.511039,
1640014098661,-0.000372973,-0.000646759,-0.688477,
1640014098681,-0.00727167,-0.0148752,-0.688477,
1640014098701,-0.00727167,-0.0148752,0.450384,
1640014098721,0.000745746,-0.0148752,0.450384,
1640014098741,0.000745746,-0.0122882,0.189433,
1640014098761,0.000745746,-0.0122882,0.189433,
1640014098781,0.000186386,-0.00517407,0.189433,
1640014098801,0.000186386,-0.00517407,-0.609716,
1640014098821,0.00186446,-0.0120727,-0.609716,
1640014098841,0.00186446,-0.0120727,0.502439,
1640014098861,-0.00577998,-0.0120727,0.502439,
1640014098881,-0.00577998,-0.0116414,0.502439,
1640014098901,-0.00577998,-0.0116414,-0.657697,
1640014098921,0.000186386,-0.0163845,-0.657697,
1640014098941,0.000186386,-0.0163845,0.428884,
1640014098961,-0.00428829,-0.0163845,0.428884,
1640014098981,-0.00428829,-0.0103479,0.244656,
1640014099001,-0.00428829,-0.0103479,0.244656,
1640014099021,-0.00186446,-0.00129352,0.244656,
1640014099041,-0.00186446,-0.00129352,-0.538424,
1640014099061,0.00261041,-0.00409606,-0.538424,
1640014099081,0.00261041,-0.00409606,0.0371171,
1640014099101,-0.00391552,-0.00409606,0.0371171,
1640014099121,-0.00391552,-0.00431157,0.0371171,
1640014099141,-0.00391552,-0.00431157,-0.0228588,
1640014099161,-0.00298318,-0.0114259,-0.0228588,
1640014099181,-0.00298318,-0.0114259,0.0350802,
1640014099201,0.00316957,-0.0114259,0.0350802,
1640014099221,0.00316957,0.000646759,0.327038,
1640014099241,0.00316957,0.000646759,0.327038,
1640014099261,0.000745746,-0.00754537,0.327038,
1640014099281,0.000745746,-0.00754537,-0.413946,
1640014099301,0.000186386,-0.0122882,-0.413946,
1640014099321,0.000186386,-0.0122882,0.477317,
1640014099341,0.00205105,-0.0122882,0.477317,
1640014099361,0.00205105,-0.00948565,0.477317,
1640014099381,0.00205105,-0.00948565,-0.667655,
1640014099401,0.0027968,-0.0144442,-0.667655,
1640014099421,0.0027968,-0.0144442,0.358044,
1640014099441,0.000745746,-0.0144442,0.358044,
1640014099461,0.000745746,-0.00409606,0.278378,
1640014099481,0.000745746,-0.00409606,0.278378,
1640014099501,-0.000559359,-0.0178935,0.278378,
1640014099521,-0.000559359,-0.0178935,-0.602927,
1640014099541,-0.00242382,-0.0142285,-0.602927,
1640014099561,-0.00242382,-0.0142285,0.494518,
1640014099581,0.00223744,-0.0142285,0.494518,
1640014099601,0.00223744,-0.0144442,0.494518,
1640014099621,0.00223744,-0.0144442,-0.708394,
1640014099641,0.0134244,-0.000646759,-0.708394,
1640014099661,0.0134244,-0.000646759,0.376829,
1640014099681,0.00503423,-0.000646759,0.376829,
1640014099701,0.00503423,-0.0101324,0.410099,
1640014099721,0.00503423,-0.0101324,0.410099,
1640014099741,0.00186446,-0.0032338,0.410099,
1640014099761,0.00186446,-0.0032338,-0.327491,
1640014099781,-0.00577998,-0.0144442,-0.327491,
1640014099801,-0.00577998,-0.0144442,0.384298,
1640014099821,0.00354254,-0.0144442,0.384298,
1640014099841,0.00354254,-0.0032338,0.384298,
1640014099861,0.00354254,-0.0032338,-0.450837,
1640014099881,-0.000559359,-0.00452732,-0.450837,
1640014099901,-0.000559359,-0.00452732,-0.107278,
1640014099921,0.00596637,-0.00452732,-0.107278,
1640014099941,0.00596637,-0.00301829,0.552004,
1640014099961,0.00596637,-0.00301829,0.552004,
1640014099981,0.00652573,-0.0118572,0.552004,
1640014100001,0.00652573,-0.0118572,-0.320475,
1640014100021,-0.00764444,-0.00280255,-0.320475,
1640014100041,-0.00764444,-0.00280255,0.326359,
1640014100061,0.00783103,-0.00280255,0.326359,
1640014100081,0.00783103,-0.00689861,0.326359,
1640014100101,0.00783103,-0.00689861,-0.141679,
1640014100121,0.00652573,-0.00711435,-0.141679,
1640014100141,0.00652573,-0.00711435,-0.127873,
1640014100161,-0.00316957,-0.00711435,-0.127873,
1640014100181,-0.00316957,-0.0114259,0.427526,
1640014100201,-0.00316957,-0.0114259,0.427526,
1640014100221,0.00708508,-0.0032338,0.427526,
1640014100241,0.00708508,-0.0032338,-0.615827,
1640014100261,0.00522062,-0.00883889,-0.615827,
1640014100281,0.00522062,-0.00883889,0.495649,
1640014100301,0.00223744,-0.00883889,0.495649,
1640014100321,0.00223744,-0.0116414,0.495649,
1640014100341,0.00223744,-0.0116414,-0.759769,
1640014100361,-0.00428829,-0.000862268,-0.759769,
1640014100381,-0.00428829,-0.000862268,0.321154,
1640014100401,-0.0027968,-0.000862268,0.321154,
1640014100421,-0.0027968,-0.0161688,0.360081,
1640014100441,-0.0027968,-0.0161688,0.360081,
1640014100461,-0.000932332,-0.0127194,0.360081,
1640014100481,-0.000932332,-0.0127194,-0.615148,
1640014100501,-0.00354254,-0.015091,-0.615148,
1640014100521,-0.00354254,-0.015091,0.476412,
1640014100541,-0.00223744,-0.015091,0.476412,
1640014100561,-0.00223744,-0.00560509,0.476412,
1640014100581,-0.00223744,-0.00560509,-0.717447,
1640014100601,-0.00167808,-0.00560509,-0.717447,
1640014100621,-0.00167808,-0.0112104,0.260951,
1640014100641,0.00205105,-0.0112104,0.260951,
1640014100661,0.00205105,-0.00452732,0.34537,
1640014100681,0.00205105,-0.00452732,0.34537,
1640014100701,-0.000559359,-0.0112104,0.34537,
1640014100721,-0.000559359,-0.0112104,-0.572373,
1640014100741,0.00354254,-0.0112104,-0.572373,
1640014100761,0.00354254,-0.00646759,0.0651813,
1640014100781,0.00111872,-0.00646759,0.0651813,
1640014100801,0.00111872,-0.0148752,0.0651813,
1640014100821,0.00111872,-0.0148752,-0.118367,
1640014100841,-0.00298318,-0.0148752,-0.118367,
1640014100861,-0.00298318,-0.00603634,0.0221798,
1640014100881,-0.00130511,-0.00603634,0.0221798,
1640014100901,-0.00130511,-0.00431157,0.0350802,
1640014100921,-0.00130511,-0.00431157,0.0350802,
1640014100941,-0.00801742,-0.00754537,0.0350802,
1640014100961,-0.00801742,-0.00754537,-0.018106,
1640014100981,0.00596637,-0.00754537,-0.018106,
1640014101001,0.00596637,-0.0131507,0.0375699,
1640014101021,-0.00745806,-0.0131507,0.0375699,
1640014101041,-0.00745806,-0.00517407,0.0375699,
1640014101061,-0.00745806,-0.00517407,-0.0217271,
1640014101081,0.00615295,-0.00517407,-0.0217271,
1640014101101,0.00615295,-0.0103479,0.00294216,
1640014101121,-0.00522062,-0.0103479,0.00294216,
1640014101141,-0.00522062,-0.00150903,0.0230851,
1640014101161,-0.00522062,-0.00150903,0.0230851,
1640014101181,-0.00242382,-0.00215579,0.0230851,
1640014101201,-0.00242382,-0.00215579,-0.0138058,
1640014101221,0.00633934,-0.00215579,-0.0138058,
1640014101241,0.00633934,-0.00603634,0.040512,
1640014101261,-0.00596637,-0.00603634,0.040512,
1640014101281,-0.00596637,-0.018109,0.040512,
1640014101301,-0.00596637,-0.018109,-0.00452637,
1640014101321,-0.00298318,-0.018109,-0.00452637,
1640014101341,-0.00298318,-0.018109,0.00927922,
1640014101361,0.00130511,-0.018109,0.00927922,
1640014101381,0.00130511,-0.0116414,0.0319115,
1640014101401,0.00130511,-0.0116414,0.0319115,
1640014101421,0.00466126,-0.00948565,0.0319115,
1640014101441,0.00466126,-0.00948565,-0.00860024,
1640014101461,0.00633934,-0.00948565,-0.00860024,
1640014101481,0.00633934,-0.0125039,0.0280642,
1640014101501,0.00130511,-0.0125039,0.0280642,
1640014101521,0.00130511,-0.0127194,0.0280642,
1640014101541,0.00130511,-0.0127194,-0.00927922,
1640014101561,-0.00652573,-0.0127194,-0.00927922,
1640014101581,-0.00652573,-0.0142285,0.00362114,
1640014101601,-0.00466126,-0.0142285,0.00362114,
1640014101621,-0.00466126,-0.0109947,0.0319115,
1640014101641,-0.00466126,-0.0109947,0.0319115,
1640014101661,-0.00503423,0.00172477,0.0319115,
1640014101681,-0.00503423,0.00172477,-0.0142583,
1640014101701,0.000372973,0.00172477,-0.0142583,
1640014101721,0.000372973,-0.0120727,0.0355329,
1640014101741,-0.00111872,-0.0120727,0.0355329,
1640014101761,-0.00111872,-0.0125039,0.0355329,
1640014101781,-0.00111872,-0.0125039,0,
1640014101801,-0.00205105,-0.0125039,0,
1640014101821,-0.00205105,-0.0146597,-0.00203694,
1640014101841,-0.0027968,-0.0146597,-0.00203694,
1640014101861,-0.0027968,-0.0112104,0.0287431,
1640014101881,-0.0027968,-0.0112104,0.0287431,
1640014101901,0.00633934,-0.00711435,0.0287431,
1640014101921,0.00633934,-0.00711435,-0.01539,
1640014101941,0,-0.00711435,-0.01539,
1640014101961,0,-0.00452732,0.017427,
1640014101981,0.00466126,-0.00452732,0.017427,
1640014102001,0.00466126,-0.00625185,0.017427,
1640014102021,0.00466126,-0.00625185,-0.00543183,
1640014102041,0.00223744,-0.00625185,-0.00543183,
1640014102061,0.00223744,-0.0105637,0.000905225,
1640014102081,0.00354254,-0.0105637,0.000905225,
1640014102101,0.00354254,-0.00927014,0.0427752,
1640014102121,0.00354254,-0.00927014,0.0427752,
1640014102141,-0.00354254,-0.0114259,0.0427752,
1640014102161,-0.00354254,-0.0114259,-0.0129004,
1640014102181,0.0027968,-0.0114259,-0.0129004,
1640014102201,0.0027968,-0.0116414,0.0303273,
1640014102221,0.00261041,-0.0116414,0.0303273,
1640014102241,0.00261041,-0.00625185,0.0303273,
1640014102261,0.00261041,-0.00625185,-0.00203694,
1640014102281,0.000186386,-0.00625185,-0.00203694,
1640014102301,0.000186386,-0.0131507,0.00362114,
1640014102321,0.00354254,-0.0131507,0.00362114,
1640014102341,0.00354254,-0.00366481,0.0414173,
1640014102361,0.00354254,-0.00366481,0.0414173,
1640014102381,0.000186386,-0.0133662,0.0414173,
1640014102401,0.000186386,-0.0133662,-0.0185584,
1640014102421,-0.0100683,-0.0133662,-0.0185584,
1640014102441,-0.0100683,-0.00927014,0.0430015,
1640014102461,0.00261041,-0.00927014,0.0430015,
1640014102481,0.00261041,-0.00819213,0.0430015,
1640014102501,0.00261041,-0.00819213,-0.0205954,
1640014102521,-0.00149169,-0.00819213,-0.0205954,
1640014102541,-0.00149169,-0.00431157,0.0106372,
1640014102561,-0.00652573,-0.00431157,0.0106372,
1640014102581,-0.00652573,-0.00495833,0.0416435,
1640014102601,-0.00652573,-0.00495833,0.0416435,
1640014102621,-0.00111872,-0.00862338,0.0416435,
1640014102641,-0.00111872,-0.00862338,-0.016069,
1640014102661,0.00559359,-0.00862338,-0.016069,
1640014102681,0.00559359,-0.00538958,0.0396066,
1640014102701,-0.000372973,-0.00538958,0.0396066,
1640014102721,-0.000372973,-0.014013,0.0396066,
1640014102741,-0.000372973,-0.014013,-0.0235378,
1640014102761,0.00950891,-0.014013,-0.0235378,
1640014102781,0.00950891,-0.00776111,-0.0219533,
1640014102801,-0.00540701,-0.00776111,-0.0219533,
1640014102821,-0.00540701,-0.0185403,0.263667,
1640014102841,-0.00540701,-0.0185403,0.263667,
1640014102861,0.00447488,-0.00689861,0.263667,
1640014102881,0.00447488,-0.00689861,-0.254162,
1640014102901,-0.00577998,-0.00689861,-0.254162,
1640014102921,-0.00577998,-0.0183245,0.388145,
1640014102941,0.000372973,-0.0183245,0.388145,
1640014102961,0.000372973,-0.0127194,0.388145,
1640014102981,0.000372973,-0.0127194,-0.419604,
1640014103001,-0.00149169,-0.0127194,-0.419604,
1640014103021,-0.00149169,-0.00366481,-0.131947,
1640014103041,-0.00298318,-0.00366481,-0.131947,
1640014103061,-0.00298318,-0.0174623,0.494291,
1640014103081,-0.00298318,-0.0174623,0.494291,
1640014103101,-0.00316957,-0.012935,0.494291,
1640014103121,-0.00316957,-0.012935,-0.367097,
1640014103141,0.00577998,-0.012935,-0.367097,
1640014103161,0.00577998,-0.00819213,0.257104,
1640014103181,-0.00577998,-0.00819213,0.257104,
1640014103201,-0.00577998,-0.0107792,0.257104,
1640014103221,-0.00577998,-0.0107792,-0.0359854,
1640014103241,-0.00205105,-0.0107792,-0.0359854,
1640014103261,-0.00205105,-0.00883889,-0.0296484,
1640014103281,-0.000559359,-0.00883889,-0.0296484,
1640014103301,-0.000559359,-0.00517407,0.628954,
1640014103321,-0.000559359,-0.00517407,0.628954,
1640014103341,0.000372973,-0.0105637,0.628954,
1640014103361,0.000372973,-0.0105637,-0.527335,
1640014103381,-0.00242382,-0.0105637,-0.527335,
1640014103401,-0.00242382,-0.00646759,0.704546,
1640014103421,-0.00223744,-0.00646759,0.704546,
1640014103441,-0.00223744,-0.00344931,0.704546,
1640014103461,-0.00223744,-0.00344931,-0.728536,
1640014103481,-0.00205105,-0.00344931,-0.728536,
1640014103501,-0.00205105,-0.0109947,0.0344012,
1640014103521,0.000745746,-0.0109947,0.0344012,
1640014103541,0.000745746,-0.00819213,0.662676,
1640014103561,0.000745746,-0.00819213,0.662676,
1640014103581,0.00559359,-0.00129352,0.662676,
1640014103601,0.00559359,-0.00129352,-0.54114,
1640014103621,-0.00242382,-0.00129352,-0.54114,
1640014103641,-0.00242382,0.00258704,0.793265,
1640014103661,-0.000559359,0.00258704,0.793265,
1640014103681,-0.000559359,-0.00754537,0.793265,
1640014103701,-0.000559359,-0.00754537,-0.723331,
1640014103721,0.00447488,-0.00754537,-0.723331,
1640014103741,0.00447488,-0.00474282,-0.0577125,
1640014103761,-0.00186446,-0.00474282,-0.0577125,
1640014103781,-0.00186446,-0.0144442,0.633933,
1640014103801,-0.00186446,-0.0144442,0.633933,
1640014103821,-0.00186446,-0.00366481,0.633933,
1640014103841,-0.00186446,-0.00366481,-0.51964,
1640014103861,-0.00111872,-0.00366481,-0.51964,
1640014103881,-0.00111872,0.00215579,0.70613,
1640014103901,0.00186446,0.00215579,0.70613,
1640014103921,0.00186446,-0.00970139,0.70613,
1640014103941,0.00186446,-0.00970139,-0.541819,
1640014103961,-0.000559359,-0.00970139,-0.541819,
1640014103981,-0.000559359,-0.0135817,-0.129684,
1640014104001,0.00242382,-0.0135817,-0.129684,
1640014104021,0.00242382,-0.0166,0.664034,
1640014104041,0.00242382,-0.0166,0.664034,
1640014104061,0.000932332,-0.00560509,0.664034,
1640014104081,0.000932332,-0.00560509,-0.509455,
1640014104101,-0.00335616,-0.00560509,-0.509455,
1640014104121,-0.00335616,-0.0161688,0.0787606,
1640014104141,0.00335616,-0.0161688,0.0787606,
1640014104161,0.00335616,-0.00905463,0.0787606,
1640014104181,0.00335616,-0.00905463,-0.0393803,
1640014104201,0.00391552,-0.00905463,-0.0393803,
1640014104221,0.00391552,-0.0135817,-0.0151638,
1640014104241,-0.00149169,-0.0135817,-0.0151638,
1640014104261,-0.00149169,-0.0103479,0.0380224,
1640014104281,-0.00149169,-0.0103479,0.0380224,
1640014104301,-0.00633934,-0.00883889,0.0380224,
1640014104321,-0.00633934,-0.00883889,-0.00792126,
1640014104341,0.00466126,-0.00883889,-0.00792126,
1640014104361,0.00466126,-0.0122882,0.0434542,
1640014104381,0.00167808,-0.0122882,0.0434542,
1640014104401,0.00167808,-0.00582083,0.0434542,
1640014104421,0.00167808,-0.00582083,-0.00248967,
1640014104441,-0.000745746,-0.00582083,-0.00248967,
1640014104461,-0.000745746,-0.00495833,-0.00452637,
1640014104481,-0.00261041,-0.00495833,-0.00452637,
1640014104501,-0.00261041,-0.00237153,0.0387013,
1640014104521,-0.00261041,-0.00237153,0.0387013,
1640014104541,-0.00335616,-0.0176778,0.0387013,
1640014104561,-0.00335616,-0.0176778,-0.0151638,
1640014104581,0.00316957,-0.0176778,-0.0151638,
1640014104601,0.00316957,-0.0209116,0.0267062,
1640014104621,0.00111872,-0.0209116,0.0267062,
1640014104641,0.00111872,-0.00732986,0.0267062,
1640014104661,0.00111872,-0.00732986,-0.00769502,
1640014104681,-0.0068987,-0.00732986,-0.00769502,
1640014104701,-0.0068987,-0.0032338,0.00678979,
1640014104721,-0.00205105,-0.0032338,0.00678979,
1640014104741,-0.00205105,-0.0116414,0.0373434,
1640014104761,-0.00205105,-0.0116414,0.0373434,
1640014104781,0.00223744,-0.00603634,0.0373434,
1640014104801,0.00223744,-0.00603634,-0.00430012,
1640014104821,0.00111872,-0.00603634,-0.00430012,
1640014104841,0.00111872,-0.00194028,0.0239903,
1640014104861,0.00335616,-0.00194028,0.0239903,
1640014104881,0.00335616,-0.00927014,0.0239903,
1640014104901,0.00335616,-0.00927014,0.000678979,
1640014104921,-0.00633934,-0.00927014,0.000678979,
1640014104941,-0.00633934,0.00237153,-0.00362114,
1640014104961,-0.00186446,0.00237153,-0.00362114,
1640014104981,-0.00186446,-0.00538958,0.0436804,
1640014105001,-0.00186446,-0.00538958,0.0436804,
1640014105021,0.00503423,-0.00258704,0.0436804,
1640014105041,0.00503423,-0.00258704,-0.0131269,
1640014105061,-0.00335616,-0.00258704,-0.0131269,
1640014105081,-0.00335616,-0.0131507,0.040512,
1640014105101,0.00130511,-0.0131507,0.040512,
1640014105121,0.00130511,-0.0101324,0.040512,
1640014105141,0.00130511,-0.0101324,0.00905298,
1640014105161,-0.000559359,-0.0101324,0.00905298,
1640014105181,-0.000559359,-0.0114259,-0.00520535,
1640014105201,0.00149169,-0.0114259,-0.00520535,
1640014105221,0.00149169,-0.00538958,0.0441332,
1640014105241,0.00149169,-0.00538958,0.0441332,
1640014105261,0.00354254,-0.00409606,0.0441332,
1640014105281,0.00354254,-0.00409606,-0.0126741,
1640014105301,0.00130511,-0.00409606,-0.0126741,
1640014105321,0.00130511,-0.0183245,0.0239903,
1640014105341,0.000186386,-0.0183245,0.0239903,
1640014105361,0.000186386,-0.00754537,0.0239903,
1640014105381,0.000186386,-0.00754537,0.0108634,
1640014105401,0.0100683,-0.00754537,0.0108634,
1640014105421,0.0100683,-0.0118572,-0.0142583,
1640014105441,-0.0027968,-0.0118572,-0.0142583,
1640014105461,-0.0027968,-0.017031,0.0468491,
1640014105481,-0.0027968,-0.017031,0.0468491,
1640014105501,-0.00354254,-0.0118572,0.0468491,
1640014105521,-0.00354254,-0.0118572,-0.00860024,
1640014105541,-0.00130511,-0.0118572,-0.00860024,
1640014105561,-0.00130511,-0.00538958,0.0291959,
1640014105581,0.0068987,-0.00538958,0.0291959,
1640014105601,0.0068987,-0.0157377,0.0291959,
1640014105621,0.0068987,-0.0157377,0.00814775,
1640014105641,-0.00540701,-0.0157377,0.00814775,
1640014105661,-0.00540701,-0.019187,-0.00316865,
1640014105681,-0.000932332,-0.019187,-0.00316865,
1640014105701,-0.000932332,-0.00689861,0.0420962,
1640014105721,-0.000932332,-0.00689861,0.0420962,
1640014105741,-0.000372973,-0.0105637,0.0420962,
1640014105761,-0.000372973,-0.0105637,-0.016069,
1640014105781,0.00540701,-0.0105637,-0.016069,
1640014105801,0.00540701,-0.0107792,0.0355329,
1640014105821,-0.00596637,-0.0107792,0.0355329,
1640014105841,-0.00596637,-0.0127194,0.0355329,
1640014105861,-0.00596637,-0.0127194,0.00135796,
1640014105881,0.00745806,-0.0127194,0.00135796,
1640014105901,0.00745806,-0.000646759,-0.0233113,
1640014105921,-0.00167808,-0.000646759,-0.0233113,
1640014105941,-0.00167808,-0.00754537,0.0355329,
1640014105961,-0.00167808,-0.00754537,0.0355329,
1640014105981,-0.00335616,-0.000215509,0.0355329,
1640014106001,-0.00335616,-0.000215509,-0.0233113,
1640014106021,-0.00130511,-0.000215509,-0.0233113,
1640014106041,-0.00130511,-0.0176778,0.0267062,
1640014106061,-0.000372973,-0.0176778,0.0267062,
1640014106081,-0.000372973,-0.0120727,0.0267062,
1640014106101,-0.000372973,-0.0120727,-0.00226318,
1640014106121,0.00745806,-0.0120727,-0.00226318,
1640014106141,0.00745806,-0.00625185,-0.00950571,
1640014106161,-0.00633934,-0.00625185,-0.00950571,
1640014106181,-0.00633934,-0.0153065,0.0355329,
1640014106201,-0.00633934,-0.0153065,0.0355329,
1640014106221,-0.000186386,-0.00474282,0.0355329,
1640014106241,-0.000186386,-0.00474282,-0.0129004,
1640014106261,-0.00261041,-0.00474282,-0.0129004,
1640014106281,-0.00261041,-0.00970139,0.0285169,
1640014106301,0.00205105,-0.00970139,0.0285169,
1640014106321,0.00205105,-0.00172477,0.0285169,
1640014106341,0.00205105,-0.00172477,0.00678979,
1640014106361,-0.00111872,-0.00172477,0.00678979,
1640014106381,-0.00111872,-0.00689861,-0.0149373,
1640014106401,-0.00149169,-0.00689861,-0.0149373,
1640014106421,-0.00149169,-0.00129352,0.0366644,
1640014106441,-0.00149169,-0.00129352,0.0366644,
1640014106461,-0.00503423,-0.00603634,0.0366644,
1640014106481,-0.00503423,-0.00603634,-0.0099582,
1640014106501,-0.0027968,-0.00603634,-0.0099582,
1640014106521,-0.0027968,-0.00883889,0.0310063,
1640014106541,-0.00708508,-0.00883889,0.0310063,
1640014106561,-0.00708508,-0.00301829,0.0310063,
1640014106581,-0.00708508,-0.00301829,0.00362114,
1640014106601,-0.000745746,-0.00301829,0.00362114,
1640014106621,-0.000745746,-0.0118572,-0.0194639,
1640014106641,0.00223744,-0.0118572,-0.0194639,
1640014106661,0.00223744,-0.0101324,0.0454911,
1640014106681,0.00223744,-0.0101324,0.0454911,
1640014106701,-0.0106276,-0.0122882,0.0454911,
1640014106721,-0.0106276,-0.0122882,-0.0133531,
1640014106741,-0.00522062,-0.0122882,-0.0133531,
1640014106761,-0.00522062,-0.00689861,0.0314591,
1640014106781,-0.000186386,-0.00689861,0.0314591,
1640014106801,-0.000186386,-0.0103479,0.0314591,
1640014106821,-0.000186386,-0.0103479,0.0140321,
1640014106841,0.00764444,-0.0103479,0.0140321,
1640014106861,0.00764444,-0.00948565,-0.0138058,
1640014106881,0.00130511,-0.00948565,-0.0138058,
1640014106901,0.00130511,-0.0120727,0.0375699,
1640014106921,0.00130511,-0.0120727,0.0375699,
1640014106941,0,-0.0189713,0.0375699,
1640014106961,0,-0.0189713,-0.0212744,
1640014106981,0.0102549,-0.0189713,-0.0212744,
1640014107001,0.0102549,-0.0153065,0.0187849,
1640014107021,0.00503423,-0.0153065,0.0187849,
1640014107041,0.00503423,-0.0166,0.0187849,
1640014107061,0.00503423,-0.0166,0.0203691,
1640014107081,-0.0110006,-0.0166,0.0203691,
1640014107101,-0.0110006,-0.00538958,-0.0185584,
1640014107121,0.00335616,-0.00538958,-0.0185584,
1640014107141,0.00335616,-0.0206961,0.0298748,
1640014107161,0.00335616,-0.0206961,0.0298748,
1640014107181,-0.000186386,-0.0174623,0.0298748,
1640014107201,-0.000186386,-0.0174623,-0.0104109,
1640014107221,0.00559359,-0.0174623,-0.0104109,
1640014107241,0.00559359,-0.0153065,0.0282904,
1640014107261,0.00671231,-0.0153065,0.0282904,
1640014107281,0.00671231,-0.00970139,0.0282904,
1640014107301,0.00671231,-0.00970139,0.0104109,
1640014107321,-0.00354254,-0.00970139,0.0104109,
1640014107341,-0.00354254,-0.0247921,-0.00927922,
1640014107361,0.00540701,-0.0247921,-0.00927922,
1640014107381,0.00540701,-0.00474282,0.0271589,
1640014107401,0.00540701,-0.00474282,0.0271589,
1640014107421,0.000932332,-0.0135817,0.0271589,
1640014107441,0.000932332,-0.0135817,-0.0115424,
1640014107461,0.00671231,-0.0135817,-0.0115424,
1640014107481,0.00671231,-0.0099169,0.0205954,
1640014107501,-0.00503423,-0.0099169,0.0205954,
1640014107521,-0.00503423,-0.0144442,0.0205954,
1640014107541,-0.00503423,-0.0144442,0.0205954,
1640014107561,0.00876316,-0.0144442,0.0205954,
1640014107581,0.00876316,-0.00538958,-0.0194639,
1640014107601,-0.00186446,-0.00538958,-0.0194639,
1640014107621,-0.00186446,-0.0172468,0.0344012,
1640014107641,-0.00186446,-0.0172468,0.0344012,
1640014107661,-0.00484765,-0.0099169,0.0344012,
1640014107681,-0.00484765,-0.0099169,-0.0133531,
1640014107701,0.0027968,-0.0099169,-0.0133531,
1640014107721,0.0027968,0.00237153,0.0271589,
1640014107741,0.0068987,0.00237153,0.0271589,
1640014107761,0.0068987,0.00344931,0.0271589,
1640014107781,0.0068987,0.00344931,0.025801,
1640014107801,-0.00988188,0.00344931,0.025801,
1640014107821,-0.00988188,-0.0153065,-0.00927922,
1640014107841,0.00671231,-0.0153065,-0.00927922,
1640014107861,0.00671231,-0.00862338,0.033496,
1640014107881,0.00671231,-0.00862338,0.033496,
1640014107901,0.00522062,-0.0116414,0.033496,
1640014107921,0.00522062,-0.0116414,-0.0113162,
1640014107941,0.00559359,-0.0116414,-0.0113162,
1640014107961,0.00559359,-0.00754537,0.0239903,
1640014107981,0.000372973,-0.00754537,0.0239903,
1640014108001,0.000372973,-0.0101324,0.0239903,
1640014108021,0.000372973,-0.0101324,0.0208219,
1640014108041,0.00261041,-0.0101324,0.0208219,
1640014108061,0.00261041,-0.00258704,-0.0140321,
1640014108081,0.00559359,-0.00258704,-0.0140321,
1640014108101,0.00559359,-0.00732986,0.0377961,
1640014108121,0.00559359,-0.00732986,0.0377961,
1640014108141,0.000932332,-0.0103479,0.0377961,
1640014108161,0.000932332,-0.0103479,-0.00678979,
1640014108181,0.00428829,-0.0103479,-0.00678979,
1640014108201,0.00428829,-0.0153065,0.0255745,
1640014108221,-0.00111872,-0.0153065,0.0255745,
1640014108241,-0.00111872,-0.0135817,0.0255745,
1640014108261,-0.00111872,-0.0135817,0.0217271,
1640014108281,0.000932332,-0.0135817,0.0217271,
1640014108301,0.000932332,-0.0131507,-0.0260272,
1640014108321,0.0106276,-0.0131507,-0.0260272,
1640014108341,0.0106276,-0.0120727,0.0316853,
1640014108361,0.0106276,-0.0120727,0.0316853,
1640014108381,-0.000186386,-0.0101324,0.0316853,
1640014108401,-0.000186386,-0.0101324,-0.0156163,
1640014108421,0.0128651,-0.0101324,-0.0156163,
1640014108441,0.0128651,-0.0114259,0.0248955,
1640014108461,0.00708508,-0.0114259,0.0248955,
1640014108481,0.00708508,-0.0116414,0.0248955,
1640014108501,0.00708508,-0.0116414,0.0255745,
1640014108521,-0.00149169,-0.0116414,0.0255745,
1640014108541,-0.00149169,-0.00776111,-0.0242168,
1640014108561,0.00428829,-0.00776111,-0.0242168,
1640014108581,0.00428829,-0.00797662,0.0393803,
1640014108601,0.00428829,-0.00797662,0.0393803,
1640014108621,-0.00633934,-0.0131507,0.0393803,
1640014108641,-0.00633934,-0.0131507,-0.0158428,
1640014108661,0.00167808,-0.0131507,-0.0158428,
1640014108681,0.00167808,-0.015522,0.0183322,
1640014108701,-0.00223744,-0.015522,0.0183322,
1640014108721,-0.00223744,-0.0116414,0.0183322,
1640014108741,-0.00223744,-0.0116414,0.0215009,
1640014108761,0.000372973,-0.0116414,0.0215009,
1640014108781,0.000372973,-0.0189713,-0.0287431,
1640014108801,-0.00186446,-0.0189713,-0.0287431,
1640014108821,-0.00186446,-0.0032338,0.0291959,
1640014108841,-0.00186446,-0.0032338,0.0291959,
1640014108861,-0.00223744,-0.0267324,0.0291959,
1640014108881,-0.00223744,-0.0267324,-0.0151638,
1640014108901,0.0068987,-0.0267324,-0.0151638,
1640014108921,0.0068987,-0.0032338,0.016069,
1640014108941,-0.00372893,-0.0032338,0.016069,
1640014108961,-0.00372893,-0.0157377,0.016069,
1640014108981,-0.00372893,-0.0157377,0.0350802,
1640014109001,0.00540701,-0.0157377,0.0350802,
1640014109021,0.00540701,-0.0196181,-0.0221798,
1640014109041,0,-0.0196181,-0.0221798,
1640014109061,0,-0.0137975,0.0389276,
1640014109081,0,-0.0137975,0.0389276,
1640014109101,-0.0027968,-0.0157377,0.0389276,
1640014109121,-0.0027968,-0.0157377,-0.0147111,
1640014109141,0.00615295,-0.0157377,-0.0147111,
1640014109161,0.00615295,-0.0109947,0.0178795,
1640014109181,0.00764444,-0.0109947,0.0178795,
1640014109201,0.00764444,-0.0107792,0.0178795,
1640014109221,0.00764444,-0.0107792,0.0346275,
1640014109241,-0.000745746,-0.0107792,0.0346275,
1640014109261,-0.000745746,-0.0148752,-0.0190112,
1640014109281,-0.000932332,-0.0148752,-0.0190112,
1640014109301,-0.000932332,-0.00409606,0.0402855,
1640014109321,-0.000932332,-0.00409606,0.0402855,
1640014109341,0.0027968,-0.00819213,0.0402855,
1640014109361,0.0027968,-0.00819213,-0.00543183,
1640014109381,-0.0242386,-0.00819213,-0.00543183,
1640014109401,-0.0242386,-0.0103479,-0.000226245,
1640014109421,-0.0027968,-0.0103479,-0.000226245,
1640014109441,-0.0027968,-0.00905463,-0.000226245,
1640014109461,-0.0027968,-0.00905463,0.0267062,
1640014109481,0.00242382,-0.00905463,0.0267062,
1640014109501,0.00242382,0.000646759,-0.0185584,
1640014109521,0.000559359,0.000646759,-0.0185584,
1640014109541,0.000559359,-0.00905463,0.0368909,
1640014109561,0.000559359,-0.00905463,0.0368909,
1640014109581,-0.00205105,-0.0105637,0.0368909,
1640014109601,-0.00205105,-0.0105637,-0.0133531,
1640014109621,0.0027968,-0.0105637,-0.0133531,
1640014109641,0.0027968,-0.0066831,0.016069,
1640014109661,0.00428829,-0.0066831,0.016069,
1640014109681,0.00428829,-0.0163845,0.016069,
1640014109701,0.00428829,-0.0163845,0.0301011,
1640014109721,0.000372973,-0.0163845,0.0301011,
1640014109741,0.000372973,-0.0200493,-0.0158428,
1640014109761,0.000932332,-0.0200493,-0.0158428,
1640014109781,0.000932332,-0.0200493,0.034854,
1640014109801,0.000932332,-0.0200493,0.034854,
1640014109821,-0.0068987,0.00107801,0.034854,
1640014109841,-0.0068987,0.00107801,-0.00588433,
1640014109861,-0.00932252,0.00107801,-0.00588433,
1640014109881,-0.00932252,-0.00689861,0.0101847,
1640014109901,0.00633934,-0.00689861,0.0101847,
1640014109921,0.00633934,-0.00646759,0.0101847,
1640014109941,0.00633934,-0.00646759,0.042549,
1640014109961,-0.00167808,-0.00646759,0.042549,
1640014109981,-0.00167808,-0.0222051,-0.0194639,
1640014110001,-0.00671231,-0.0222051,-0.0194639,
1640014110021,-0.00671231,0.00258704,0.023764,
1640014110041,-0.00671231,0.00258704,0.023764,
1640014110061,0.00111872,-0.00366481,0.023764,
1640014110081,0.00111872,-0.00366481,-0.00565808,
1640014110101,0.00167808,-0.00366481,-0.00565808,
1640014110121,0.00167808,-0.00905463,0.0165218,
1640014110141,0.00354254,-0.00905463,0.0165218,
1640014110161,0.00354254,-0.00215579,0.0165218,
1640014110181,0.00354254,-0.00215579,0.0436804,
1640014110201,0.0160348,-0.00215579,0.0436804,
1640014110221,0.0160348,-0.00560509,-0.0108634,
1640014110241,-0.000745746,-0.00560509,-0.0108634,
1640014110261,-0.000745746,-0.0131507,0.0314591,
1640014110281,-0.000745746,-0.0131507,0.0314591,
1640014110301,0.00242382,-0.0120727,0.0314591,
1640014110321,0.00242382,-0.0120727,-0.00905298,
1640014110341,-0.0100683,-0.0120727,-0.00905298,
1640014110361,-0.0100683,-0.00927014,0.00746877,
1640014110381,0.00242382,-0.00927014,0.00746877,
1640014110401,0.00242382,-0.0109947,0.00746877,
1640014110421,0.00242382,-0.0109947,0.0325905,
1640014110441,-0.0041019,-0.0109947,0.0325905,
1640014110461,-0.0041019,-0.00409606,-0.0165218,
1640014110481,0.00633934,-0.00409606,-0.0165218,
1640014110501,0.00633934,-0.00819213,0.0298748,
1640014110521,0.00633934,-0.00819213,0.0298748,
1640014110541,0.000932332,0.00237153,0.0298748,
1640014110561,0.000932332,0.00237153,-0.0033949,
1640014110581,-0.00745806,0.00237153,-0.0033949,
1640014110601,-0.00745806,-0.00582083,0.00475286,
1640014110621,-0.00801742,-0.00582083,0.00475286,
1640014110641,-0.00801742,0,0.00475286,
1640014110661,-0.00801742,0,0.032138,
1640014110681,0.0152889,0,0.032138,
1640014110701,0.0152889,-0.0103479,-0.0269324,
1640014110721,-0.00298318,-0.0103479,-0.0269324,
1640014110741,-0.00298318,-0.00560509,0.0278379,
1640014110761,-0.00298318,-0.00560509,0.0278379,
1640014110781,-0.00372893,-0.015522,0.0278379,
1640014110801,-0.00372893,-0.015522,-0.00950571,
1640014110821,0,-0.015522,-0.00950571,
1640014110841,0,-0.0127194,-0.000905225,
1640014110861,0.00186446,-0.0127194,-0.000905225,
1640014110881,0.00186446,-0.00409606,-0.000905225,
1640014110901,0.00186446,-0.00409606,0.024443,
1640014110921,0.0068987,-0.00409606,0.024443,
1640014110941,0.0068987,-0.0133662,-0.00905298,
1640014110961,-0.00316957,-0.0133662,-0.00905298,
1640014110981,-0.00316957,-0.00280255,0.0366644,
1640014111001,-0.00316957,-0.00280255,0.0366644,
1640014111021,0.00428829,0.00194028,0.0366644,
1640014111041,0.00428829,0.00194028,-0.00905298,
1640014111061,0.000745746,0.00194028,-0.00905298,
1640014111081,0.000745746,-0.00172477,0.00113171,
1640014111101,-0.00466126,-0.00172477,0.00113171,
1640014111121,-0.00466126,-0.0379428,0.00113171,
1640014111141,-0.00466126,-0.0379428,0.0450384,
1640014111161,0.00111872,-0.0379428,0.0450384,
1640014111181,0.00111872,-0.0355713,-0.00905298,
1640014111201,-0.000932332,-0.0355713,-0.00905298,
1640014111221,-0.000932332,-0.00819213,0.032138,
1640014111241,-0.000932332,-0.00819213,0.032138,
1640014111261,-0.0082038,-0.00819213,0.032138,
1640014111281,-0.0082038,-0.00819213,0.00475286,
1640014111301,-0.00316957,-0.00819213,0.00475286,
1640014111321,-0.00316957,-0.012935,0.00814775,
1640014111341,-0.00111872,-0.012935,0.00814775,
1640014111361,-0.00111872,-0.0103479,0.00814775,
1640014111381,-0.00111872,-0.0103479,0.0346275,
1640014111401,-0.00503423,-0.0103479,0.0346275,
1640014111421,-0.00503423,-0.00819213,-0.0192374,
1640014111441,0.00205105,-0.00819213,-0.0192374,
1640014111461,0.00205105,-0.00689861,0.0461701,
1640014111481,0.00205105,-0.00689861,0.0461701,
1640014111501,-0.000559359,0.00862338,0.0461701,
1640014111521,-0.000559359,0.00862338,-0.000452734,
1640014111541,-0.000372973,0.00862338,-0.000452734,
1640014111561,-0.000372973,-0.00280255,-0.0033949,
1640014111581,-0.011187,-0.00280255,-0.0033949,
1640014111601,-0.011187,-0.00129352,-0.0033949,
1640014111621,-0.011187,-0.00129352,0.0468491,
1640014111641,-0.0041019,-0.00129352,0.0468491,
1640014111661,-0.0041019,-0.00603634,-0.00927922,
1640014111681,0.00223744,-0.00603634,-0.00927922,
1640014111701,0.00223744,-0.00237153,0.0278379,
1640014111721,0.00223744,-0.00237153,0.0278379,
1640014111741,0.00671231,-0.0127194,0.0278379,
1640014111761,0.00671231,-0.0127194,0.00633706,
1640014111781,0.00391552,-0.0127194,0.00633706,
1640014111801,0.00391552,-0.00970139,0.00135796,
1640014111821,0.0192044,-0.00970139,0.00135796,
1640014111841,0.0192044,-0.0112104,0.00135796,
1640014111861,0.0192044,-0.0112104,0.0486595,
1640014111881,0.0113736,-0.0112104,0.0486595,
1640014111901,0.0113736,-0.00883889,-0.0187849,
1640014111921,-0.00522062,-0.00883889,-0.0187849,
1640014111941,-0.00522062,-0.0144442,0.0289694,
1640014111961,-0.00522062,-0.0144442,0.0289694,
1640014111981,0.00354254,-0.0148752,0.0289694,
1640014112001,0.00354254,-0.0148752,-0.00203694,
1640014112021,0.00111872,-0.0148752,-0.00203694,
1640014112041,0.00111872,-0.0099169,-0.00248967,
1640014112061,-0.00671231,-0.0099169,-0.00248967,
1640014112081,-0.00671231,-0.0109947,-0.00248967,
1640014112101,-0.00671231,-0.0109947,0.040512,
1640014112121,-0.00559359,-0.0109947,0.040512,
1640014112141,-0.00559359,-0.014013,-0.0165218,
1640014112161,0.00130511,-0.014013,-0.0165218,
1640014112181,0.00130511,-0.0125039,0.0436804,
1640014112201,0.00130511,-0.0125039,0.0436804,
1640014112221,-0.00540701,-0.00711435,0.0436804,
1640014112241,-0.00540701,-0.00711435,0.00792126,
1640014112261,-0.00540701,-0.00711435,0.00792126,
1640014112281,-0.00540701,-0.000862268,-0.00950571,
1640014112301,0.00111872,-0.000862268,-0.00950571,
1640014112321,0.00111872,-0.00538958,-0.00950571,
1640014112341,0.00111872,-0.00538958,0.0443594,
1640014112361,0.00167808,-0.00538958,0.0443594,
1640014112381,0.00167808,-0.00129352,-0.0210481,
1640014112401,0.00149169,-0.00129352,-0.0210481,
1640014112421,0.00149169,-0.00732986,0.0282904,
1640014112441,0.00149169,-0.00732986,0.0282904,
1640014112461,0.000745746,-0.0032338,0.0282904,
1640014112481,0.000745746,-0.0032338,0.0169742,
1640014112501,0.000745746,-0.0032338,0.0169742,
1640014112521,0.000745746,-0.00732986,-0.00452637,
1640014112541,0.00149169,-0.00732986,-0.00452637,
1640014112561,0.00149169,-0.0125039,-0.00452637,
1640014112581,0.00149169,-0.0125039,0.0441332,
1640014112601,0.00503423,-0.0125039,0.0441332,
1640014112621,0.00503423,-0.0200493,-0.0129004,
1640014112641,-0.00428829,-0.0200493,-0.0129004,
1640014112661,-0.00428829,-0.00517407,0.0278379,
1640014112681,-0.00428829,-0.00517407,0.0278379,
1640014112701,-0.00316957,-0.0101324,0.0278379,
1640014112721,-0.00316957,-0.0101324,0.0104109,
1640014112741,0.000745746,-0.0101324,0.0104109,
1640014112761,0.000745746,-0.0144442,-0.0110899,
1640014112781,-0.00671231,-0.0144442,-0.0110899,
1640014112801,-0.00671231,-0.0297507,-0.0110899,
1640014112821,-0.00671231,-0.0297507,0.0350802,
1640014112841,0.00167808,-0.0297507,0.0350802,
1640014112861,0.00167808,-0.00948565,-0.0108634,
1640014112881,-0.00111872,-0.00948565,-0.0108634,
1640014112901,-0.00111872,-0.014013,0.0165218,
1640014112921,-0.00111872,-0.014013,0.0165218,
1640014112941,0.00391552,-0.0172468,0.0165218,
1640014112961,0.00391552,-0.0172468,0.008374,
1640014112981,-0.00298318,-0.0172468,0.008374,
1640014113001,-0.00298318,-0.00927014,-0.0113162,
1640014113021,0.00298318,-0.00927014,-0.0113162,
1640014113041,0.00298318,-0.0234986,-0.0113162,
1640014113061,0.00298318,-0.0234986,0.0273852,
1640014113081,0,-0.0234986,0.0273852,
1640014113101,0,-0.018109,0.00248967,
1640014113121,-0.0068987,-0.018109,0.00248967,
1640014113141,-0.0068987,-0.00625185,0.0208219,
1640014113161,-0.0068987,-0.00625185,0.0208219,
1640014113181,-0.000372973,-0.0146597,0.0208219,
1640014113201,-0.000372973,-0.0146597,0.00860024,
1640014113221,-0.00466126,-0.0146597,0.00860024,
1640014113241,-0.00466126,0,-0.0135793,
1640014113261,0.00335616,0,-0.0135793,
1640014113281,0.00335616,-0.00927014,-0.0135793,
1640014113301,0.00335616,-0.00927014,0.0339485,
1640014113321,-0.00559359,-0.00927014,0.0339485,
1640014113341,-0.00559359,-0.00948565,-0.0131269,
1640014113361,-0.00391552,-0.00948565,-0.0131269,
1640014113381,-0.00391552,-0.00625185,0.0124479,
1640014113401,-0.00391552,-0.00625185,0.0124479,
1640014113421,0.00708508,-0.0127194,0.0124479,
1640014113441,0.00708508,-0.0127194,-0.0015842,
1640014113461,-0.00428829,-0.0127194,-0.0015842,
1640014113481,-0.00428829,-0.00776111,-0.00430012,
1640014113501,-0.00130511,-0.00776111,-0.00430012,
1640014113521,-0.00130511,-0.0153065,-0.00430012,
1640014113541,-0.00130511,-0.0153065,0.0233113,
1640014113561,-0.000745746,-0.0153065,0.0233113,
1640014113581,-0.000745746,-0.00301829,0.00543183,
1640014113601,-0.00316957,-0.00301829,0.00543183,
1640014113621,-0.00316957,-0.00517407,0.0287431,
1640014113641,-0.00316957,-0.00517407,0.0287431,
1640014113661,-0.00633934,-0.00129352,0.0287431,
1640014113681,-0.00633934,-0.00129352,0.0210481,
1640014113701,0.00149169,-0.00129352,0.0210481,
1640014113721,0.00149169,-0.0211273,0.0015842,
1640014113741,-0.0041019,-0.0211273,0.0015842,
1640014113761,-0.0041019,-0.00732986,0.0015842,
1640014113781,-0.0041019,-0.00732986,0.0287431,
1640014113801,-0.000932332,-0.00732986,0.0287431,
1640014113821,-0.000932332,-0.00517407,-0.0101847,
1640014113841,0.00316957,-0.00517407,-0.0101847,
1640014113861,0.00316957,-0.0125039,0.0310063,
1640014113881,0.00316957,-0.0125039,0.0310063,
1640014113901,0.0027968,-0.0101324,0.0310063,
1640014113921,0.0027968,-0.0101324,0.0158428,
1640014113941,-0.00186446,-0.0101324,0.0158428,
1640014113961,-0.00186446,-0.0137975,-0.00633706,
1640014113981,0.0128651,-0.0137975,-0.00633706,
1640014114001,0.0128651,-0.0135817,-0.00633706,
1640014114021,0.0128651,-0.0135817,0.0375699,
1640014114041,0.00503423,-0.0135817,0.0375699,
1640014114061,0.00503423,-0.0122882,-0.0033949,
1640014114081,-0.00577998,-0.0122882,-0.0033949,
1640014114101,-0.00577998,-0.00927014,0.0239903,
1640014114121,-0.00577998,-0.00927014,0.0239903,
1640014114141,0.00428829,-0.0157377,0.0239903,
1640014114161,0.00428829,-0.0157377,0.0176532,
1640014114181,-0.00130511,-0.0157377,0.0176532,
1640014114201,-0.00130511,-0.00150903,-0.0133531,
1640014114221,0.00261041,-0.00150903,-0.0133531,
1640014114241,0.00261041,-0.014013,-0.0133531,
1640014114261,0.00261041,-0.014013,0.0384751,
1640014114281,-0.00223744,-0.014013,0.0384751,
1640014114301,-0.00223744,-0.0174623,-0.023764,
1640014114321,-0.00298318,-0.0174623,-0.023764,
1640014114341,-0.00298318,-0.012935,0.0337222,
1640014114361,-0.00298318,-0.012935,0.0337222,
1640014114381,-0.00149169,-0.0066831,0.0337222,
1640014114401,-0.00149169,-0.0066831,0.0187849,
1640014114421,0.0068987,-0.0066831,0.0187849,
1640014114441,0.0068987,-0.00883889,-0.0101847,
1640014114461,0.00149169,-0.00883889,-0.0101847,
1640014114481,0.00149169,-0.012935,-0.0101847,
1640014114501,0.00149169,-0.012935,0.0393803,
1640014114521,-0.00615295,-0.012935,0.0393803,
1640014114541,-0.00615295,-0.0099169,-0.0185584,
1640014114561,-0.00149169,-0.0099169,-0.0185584,
1640014114581,-0.00149169,-0.015091,0.0298748,
1640014114601,-0.00149169,-0.015091,0.0298748,
1640014114621,-0.00167808,-0.00776111,0.0298748,
1640014114641,-0.00167808,-0.00776111,0.02648,
1640014114661,-0.00540701,-0.00776111,0.02648,
1640014114681,-0.00540701,-0.015522,-0.0194639,
1640014114701,-0.00298318,-0.015522,-0.0194639,
1640014114721,-0.00298318,-0.0105637,-0.0194639,
1640014114741,-0.00298318,-0.0105637,0.0396066,
1640014114761,0.000745746,-0.0105637,0.0396066,
1640014114781,0.000745746,-0.00150903,-0.00181069,
1640014114801,0.000745746,-0.00150903,-0.00181069,
1640014114821,0.00167808,-0.0101324,0.0296484,
1640014114841,0.00167808,-0.0101324,0.0296484,
1640014114861,-0.00671231,-0.00129352,0.0296484,
1640014114881,-0.00671231,-0.00129352,0.023764,
1640014114901,0.00391552,-0.00129352,0.023764,
1640014114921,0.00391552,0.00043125,-0.0176532,
1640014114941,0.00391552,0.00043125,-0.0176532,
1640014114961,-0.00633934,-0.015091,-0.0176532,
1640014114981,-0.00633934,-0.015091,0.0339485,
1640014115001,-0.00540701,-0.015091,0.0339485,
1640014115021,-0.00540701,0.00366481,-0.0217271,
1640014115041,-0.00540701,0.00366481,-0.0217271,
1640014115061,-0.000559359,-0.0168155,0.02648,
1640014115081,-0.000559359,-0.0168155,0.02648,
1640014115101,-0.00205105,-0.00646759,0.02648,
1640014115121,-0.00205105,-0.00646759,0.0196902,
1640014115141,-0.00130511,-0.00646759,0.0196902,
1640014115161,-0.00130511,-0.00883889,-0.00271592,
1640014115181,-0.00130511,-0.00883889,-0.00271592,
1640014115201,-0.00223744,-0.00883889,-0.00271592,
1640014115221,-0.00223744,-0.00883889,0.0301011,
1640014115241,0.000372973,-0.00883889,0.0301011,
1640014115261,0.000372973,-0.0107792,-0.0158428,
1640014115281,0.000372973,-0.0107792,-0.0158428,
1640014115301,0.00335616,-0.00646759,0.0192374,
1640014115321,0.00335616,-0.00646759,0.0192374,
1640014115341,-0.000932332,-0.0127194,0.0192374,
1640014115361,-0.000932332,-0.0127194,0.0219533,
1640014115381,-0.00950891,-0.0127194,0.0219533,
1640014115401,-0.00950891,-0.0127194,-0.0140321,
1640014115421,-0.00950891,-0.0127194,-0.0140321,
1640014115441,-0.00149169,-0.0146597,-0.0140321,
1640014115461,-0.00149169,-0.0146597,0.0316853,
1640014115481,0.000745746,-0.0146597,0.0316853,
1640014115501,0.000745746,-0.0118572,-0.0165218,
1640014115521,0.000745746,-0.0118572,-0.0165218,
1640014115541,-0.00167808,-0.0107792,0.0203691,
1640014115561,-0.00167808,-0.0107792,0.0203691,
1640014115581,-0.00316957,-0.0112104,0.0203691,
1640014115601,-0.00316957,-0.0112104,0.0210481,
1640014115621,0.00186446,-0.0112104,0.0210481,
1640014115641,0.00186446,-0.0168155,-0.0212744,
1640014115661,0.00186446,-0.0168155,-0.0212744,
1640014115681,0.00559359,-0.0204806,-0.0212744,
1640014115701,0.00559359,-0.0204806,0.0441332,
1640014115721,0.0041019,-0.0204806,0.0441332,
1640014115741,0.0041019,-0.0109947,-0.00135796,
1640014115761,0.0041019,-0.0109947,-0.00135796,
1640014115781,-0.00354254,-0.0122882,0.0199164,
1640014115801,-0.00354254,-0.0122882,0.0199164,
1640014115821,0.0027968,-0.0125039,0.0199164,
1640014115841,0.0027968,-0.0125039,0.0242168,
1640014115861,0.000745746,-0.0125039,0.0242168,
1640014115881,0.000745746,-0.0146597,-0.0196902,
1640014115901,0.000745746,-0.0146597,-0.0196902,
1640014115921,0.00298318,-0.0107792,-0.0196902,
1640014115941,0.00298318,-0.0107792,0.0357592,
1640014115961,0.00577998,-0.0107792,0.0357592,
1640014115981,0.00577998,-0.00797662,-0.00769502,
1640014116001,0.00577998,-0.00797662,-0.00769502,
1640014116021,0.00354254,-0.000862268,0.0185584,
1640014116041,0.00354254,-0.000862268,0.0185584,
1640014116061,-0.00130511,-0.0101324,0.0185584,
1640014116081,-0.00130511,-0.0101324,0.0219533,
1640014116101,0.00223744,-0.0101324,0.0219533,
1640014116121,0.00223744,-0.0168155,-0.0144848,
1640014116141,0.00223744,-0.0168155,-0.0144848,
1640014116161,0.00615295,-0.0142285,-0.0144848,
1640014116181,0.00615295,-0.0142285,0.0248955,
1640014116201,-0.00242382,-0.0142285,0.0248955,
1640014116221,-0.00242382,-0.00927014,-0.00384739,
1640014116242,-0.00242382,-0.00927014,-0.00384739,
1640014116261,-0.00205105,-0.0127194,0.0124479,
1640014116281,-0.00205105,-0.0127194,0.0124479,
1640014116301,0.000745746,-0.0196181,0.0124479,
1640014116321,0.000745746,-0.0196181,0.0185584,
1640014116341,-0.000932332,-0.0196181,0.0185584,
1640014116361,-0.000932332,-0.00927014,-0.0119951,
1640014116381,-0.000932332,-0.00927014,-0.0119951,
1640014116401,-0.00503423,-0.0120727,-0.0119951,
1640014116421,-0.00503423,-0.0120727,0.0366644,
1640014116441,-0.00876316,-0.0120727,0.0366644,
1640014116461,-0.00876316,-0.00927014,-0.000678979,
1640014116481,-0.00876316,-0.00927014,-0.000678979,
1640014116501,0.00298318,-0.00129352,0.0108634,
1640014116521,0.00298318,-0.00129352,0.0108634,
1640014116541,0.00428829,-0.0146597,0.0108634,
1640014116561,0.00428829,-0.0146597,0.0269324,
1640014116581,-0.00540701,-0.0146597,0.0269324,
1640014116601,-0.00540701,-0.00646759,-0.0117689,
1640014116621,-0.00540701,-0.00646759,-0.0117689,
1640014116641,-0.00298318,-0.0114259,-0.0117689,
1640014116661,-0.00298318,-0.0114259,0.0323643,
1640014116681,-0.00671231,-0.0114259,0.0323643,
1640014116701,-0.00671231,-0.0142285,-0.0135793,
1640014116721,-0.00671231,-0.0142285,-0.0135793,
1640014116741,0.00111872,0.00150903,0.0124479,
1640014116761,0.00111872,0.00150903,0.0124479,
1640014116781,0.000372973,-0.00927014,0.0124479,
1640014116801,0.000372973,-0.00927014,0.0332695,
1640014116821,0.00167808,-0.00927014,0.0332695,
1640014116841,0.00167808,-0.00776111,-0.0113162,
1640014116861,0.00167808,-0.00776111,-0.0113162,
1640014116881,-0.00167808,-0.0118572,-0.0113162,
1640014116901,-0.00167808,-0.0118572,0.0255745,
1640014116921,-0.0139838,-0.0118572,0.0255745,
1640014116941,-0.0139838,-0.00927014,-0.008374,
1640014116961,-0.0139838,-0.00927014,-0.008374,
1640014116981,-0.00652573,-0.00603634,0.0156163,
